UCD_UCD_COD;HCO_COU_DTD;UCD_LIS_TOP;HCO_COU_DTF;UCD_DOC_DTE;UCD_DOC_LIB
0000009010750;03FEB2007:00:00:00;1;;02FEB2007:00:00:00;JO
0000009019840;03FEB2007:00:00:00;1;;02FEB2007:00:00:00;JO
0000009019857;03FEB2007:00:00:00;1;;02FEB2007:00:00:00;JO
0000009025711;03FEB2007:00:00:00;1;;02FEB2007:00:00:00;JO
0000009109827;03FEB2007:00:00:00;1;;02FEB2007:00:00:00;JO
0000009117867;03FEB2007:00:00:00;1;;02FEB2007:00:00:00;JO
0000009120651;03FEB2007:00:00:00;1;;02FEB2007:00:00:00;JO
0000009120668;03FEB2007:00:00:00;1;;02FEB2007:00:00:00;JO
0000009122348;03FEB2007:00:00:00;1;;02FEB2007:00:00:00;JO
0000009123201;03FEB2007:00:00:00;1;;02FEB2007:00:00:00;JO
0000009124494;03FEB2007:00:00:00;1;;02FEB2007:00:00:00;JO
0000009136876;03FEB2007:00:00:00;1;;02FEB2007:00:00:00;JO
0000009137172;03FEB2007:00:00:00;1;;02FEB2007:00:00:00;JO
0000009137189;03FEB2007:00:00:00;1;;02FEB2007:00:00:00;JO
0000009137580;10FEB2011:00:00:00;1;;09FEB2011:00:00:00;JO
0000009145332;03FEB2007:00:00:00;1;;02FEB2007:00:00:00;JO
0000009145349;03FEB2007:00:00:00;1;;02FEB2007:00:00:00;JO
0000009145355;03FEB2007:00:00:00;1;;02FEB2007:00:00:00;JO
0000009145361;03FEB2007:00:00:00;1;;02FEB2007:00:00:00;JO
0000009145378;03FEB2007:00:00:00;1;;02FEB2007:00:00:00;JO
0000009145444;03FEB2007:00:00:00;1;;02FEB2007:00:00:00;JO
0000009145450;03FEB2007:00:00:00;1;;02FEB2007:00:00:00;JO
0000009149063;03FEB2007:00:00:00;1;;02FEB2007:00:00:00;JO
0000009149086;03FEB2007:00:00:00;1;;02FEB2007:00:00:00;JO
0000009149092;03FEB2007:00:00:00;1;;02FEB2007:00:00:00;JO
0000009149100;03FEB2007:00:00:00;1;;02FEB2007:00:00:00;JO
0000009149117;03FEB2007:00:00:00;1;;02FEB2007:00:00:00;JO
0000009149123;03FEB2007:00:00:00;1;;02FEB2007:00:00:00;JO
0000009153395;03FEB2007:00:00:00;1;;02FEB2007:00:00:00;JO
0000009153403;03FEB2007:00:00:00;1;;02FEB2007:00:00:00;JO
0000009153857;03FEB2007:00:00:00;1;;02FEB2007:00:00:00;JO
0000009156086;03FEB2007:00:00:00;1;;02FEB2007:00:00:00;JO
0000009157849;03FEB2007:00:00:00;1;;02FEB2007:00:00:00;JO
0000009157855;03FEB2007:00:00:00;1;;02FEB2007:00:00:00;JO
0000009160509;03FEB2007:00:00:00;1;;02FEB2007:00:00:00;JO
0000009163577;03FEB2007:00:00:00;1;;02FEB2007:00:00:00;JO
0000009168014;03FEB2007:00:00:00;1;;02FEB2007:00:00:00;JO
0000009171341;03FEB2007:00:00:00;1;;02FEB2007:00:00:00;JO
0000009172607;03FEB2007:00:00:00;1;;02FEB2007:00:00:00;JO
0000009173311;03FEB2007:00:00:00;1;;02FEB2007:00:00:00;JO
0000009175801;03FEB2007:00:00:00;1;;02FEB2007:00:00:00;JO
0000009178082;03FEB2007:00:00:00;1;;02FEB2007:00:00:00;JO
0000009178099;03FEB2007:00:00:00;1;;02FEB2007:00:00:00;JO
0000009179213;03FEB2007:00:00:00;1;;02FEB2007:00:00:00;JO
0000009179236;03FEB2007:00:00:00;1;;02FEB2007:00:00:00;JO
0000009179242;03FEB2007:00:00:00;1;;02FEB2007:00:00:00;JO
0000009182066;03FEB2007:00:00:00;1;;02FEB2007:00:00:00;JO
0000009182190;03FEB2007:00:00:00;1;;02FEB2007:00:00:00;JO
0000009182209;03FEB2007:00:00:00;1;;02FEB2007:00:00:00;JO
0000009182356;03FEB2007:00:00:00;1;;02FEB2007:00:00:00;JO
0000009182480;03FEB2007:00:00:00;1;;02FEB2007:00:00:00;JO
0000009184438;03FEB2007:00:00:00;1;;02FEB2007:00:00:00;JO
0000009184467;03FEB2007:00:00:00;1;;02FEB2007:00:00:00;JO
0000009184711;03FEB2007:00:00:00;1;;02FEB2007:00:00:00;JO
0000009186437;03FEB2007:00:00:00;1;;02FEB2007:00:00:00;JO
0000009186443;03FEB2007:00:00:00;1;;02FEB2007:00:00:00;JO
0000009187023;03FEB2007:00:00:00;1;;02FEB2007:00:00:00;JO
0000009189944;03FEB2007:00:00:00;1;;02FEB2007:00:00:00;JO
0000009191527;03FEB2007:00:00:00;1;;02FEB2007:00:00:00;JO
0000009191533;03FEB2007:00:00:00;1;;02FEB2007:00:00:00;JO
0000009191556;03FEB2007:00:00:00;1;;02FEB2007:00:00:00;JO
0000009192107;03FEB2007:00:00:00;1;;02FEB2007:00:00:00;JO
0000009192113;03FEB2007:00:00:00;1;;02FEB2007:00:00:00;JO
0000009192136;03FEB2007:00:00:00;1;;02FEB2007:00:00:00;JO
0000009194460;03FEB2007:00:00:00;1;;02FEB2007:00:00:00;JO
0000009195726;03FEB2007:00:00:00;1;;02FEB2007:00:00:00;JO
0000009196163;03FEB2007:00:00:00;1;;02FEB2007:00:00:00;JO
0000009196186;03FEB2007:00:00:00;1;;02FEB2007:00:00:00;JO
0000009196192;03FEB2007:00:00:00;1;;02FEB2007:00:00:00;JO
0000009196200;03FEB2007:00:00:00;1;;02FEB2007:00:00:00;JO
0000009197702;03FEB2007:00:00:00;1;;02FEB2007:00:00:00;JO
0000009197719;03FEB2007:00:00:00;1;;02FEB2007:00:00:00;JO
0000009202308;03FEB2007:00:00:00;1;;02FEB2007:00:00:00;JO
0000009202314;03FEB2007:00:00:00;1;;02FEB2007:00:00:00;JO
0000009202320;03FEB2007:00:00:00;1;;02FEB2007:00:00:00;JO
0000009202774;03FEB2007:00:00:00;1;;02FEB2007:00:00:00;JO
0000009202780;03FEB2007:00:00:00;1;;02FEB2007:00:00:00;JO
0000009202834;03FEB2007:00:00:00;1;;02FEB2007:00:00:00;JO
0000009202840;03FEB2007:00:00:00;1;;02FEB2007:00:00:00;JO
0000009202857;03FEB2007:00:00:00;1;;02FEB2007:00:00:00;JO
0000009202863;03FEB2007:00:00:00;1;;02FEB2007:00:00:00;JO
0000009208245;03FEB2007:00:00:00;1;;02FEB2007:00:00:00;JO
0000009208251;03FEB2007:00:00:00;1;;02FEB2007:00:00:00;JO
0000009208268;03FEB2007:00:00:00;1;;02FEB2007:00:00:00;JO
0000009208280;03FEB2007:00:00:00;1;;02FEB2007:00:00:00;JO
0000009208297;03FEB2007:00:00:00;1;;02FEB2007:00:00:00;JO
0000009210213;03FEB2007:00:00:00;1;;02FEB2007:00:00:00;JO
0000009210236;03FEB2007:00:00:00;1;;02FEB2007:00:00:00;JO
0000009210242;03FEB2007:00:00:00;1;;02FEB2007:00:00:00;JO
0000009216925;03FEB2007:00:00:00;1;;02FEB2007:00:00:00;JO
0000009217592;03FEB2007:00:00:00;1;;02FEB2007:00:00:00;JO
0000009217600;03FEB2007:00:00:00;1;;02FEB2007:00:00:00;JO
0000009217617;03FEB2007:00:00:00;1;;02FEB2007:00:00:00;JO
0000009218605;03FEB2007:00:00:00;1;;02FEB2007:00:00:00;JO
0000009218611;03FEB2007:00:00:00;1;;02FEB2007:00:00:00;JO
0000009218628;03FEB2007:00:00:00;1;;02FEB2007:00:00:00;JO
0000009219467;03FEB2007:00:00:00;1;;02FEB2007:00:00:00;JO
0000009220097;03FEB2007:00:00:00;1;;02FEB2007:00:00:00;JO
0000009220275;03FEB2007:00:00:00;1;;02FEB2007:00:00:00;JO
0000009222647;03FEB2007:00:00:00;1;;02FEB2007:00:00:00;JO
0000009222676;03FEB2007:00:00:00;1;;02FEB2007:00:00:00;JO
0000009222682;03FEB2007:00:00:00;1;;02FEB2007:00:00:00;JO
0000009224698;03FEB2007:00:00:00;1;;02FEB2007:00:00:00;JO
0000009226562;03FEB2007:00:00:00;1;;02FEB2007:00:00:00;JO
0000009226585;03FEB2007:00:00:00;1;;02FEB2007:00:00:00;JO
0000009226616;03FEB2007:00:00:00;1;;02FEB2007:00:00:00;JO
0000009227685;03FEB2007:00:00:00;1;;02FEB2007:00:00:00;JO
0000009227691;03FEB2007:00:00:00;1;;02FEB2007:00:00:00;JO
0000009227716;03FEB2007:00:00:00;1;;02FEB2007:00:00:00;JO
0000009227722;03FEB2007:00:00:00;1;;02FEB2007:00:00:00;JO
0000009228555;03FEB2007:00:00:00;1;;02FEB2007:00:00:00;JO
0000009228561;03FEB2007:00:00:00;1;;02FEB2007:00:00:00;JO
0000009229483;03FEB2007:00:00:00;1;;02FEB2007:00:00:00;JO
0000009233214;03FEB2007:00:00:00;1;;02FEB2007:00:00:00;JO
0000009233697;03FEB2007:00:00:00;1;;02FEB2007:00:00:00;JO
0000009239145;03FEB2007:00:00:00;1;;02FEB2007:00:00:00;JO
0000009239151;03FEB2007:00:00:00;1;;02FEB2007:00:00:00;JO
0000009239168;03FEB2007:00:00:00;1;;02FEB2007:00:00:00;JO
0000009239671;03FEB2007:00:00:00;1;;02FEB2007:00:00:00;JO
0000009240740;03FEB2007:00:00:00;1;;02FEB2007:00:00:00;JO
0000009241159;03FEB2007:00:00:00;1;;02FEB2007:00:00:00;JO
0000009242650;03FEB2007:00:00:00;1;;02FEB2007:00:00:00;JO
0000009246524;03FEB2007:00:00:00;1;;02FEB2007:00:00:00;JO
0000009246530;03FEB2007:00:00:00;1;;02FEB2007:00:00:00;JO
0000009246547;03FEB2007:00:00:00;1;;02FEB2007:00:00:00;JO
0000009246553;03FEB2007:00:00:00;1;;02FEB2007:00:00:00;JO
0000009247191;03FEB2007:00:00:00;1;;02FEB2007:00:00:00;JO
0000009247216;03FEB2007:00:00:00;1;;02FEB2007:00:00:00;JO
0000009247222;03FEB2007:00:00:00;1;;02FEB2007:00:00:00;JO
0000009247239;03FEB2007:00:00:00;1;;02FEB2007:00:00:00;JO
0000009251270;03FEB2007:00:00:00;1;;02FEB2007:00:00:00;JO
0000009251287;03FEB2007:00:00:00;1;;02FEB2007:00:00:00;JO
0000009255724;03FEB2007:00:00:00;1;;02FEB2007:00:00:00;JO
0000009256818;03FEB2007:00:00:00;1;;02FEB2007:00:00:00;JO
0000009256824;03FEB2007:00:00:00;1;;02FEB2007:00:00:00;JO
0000009256830;03FEB2007:00:00:00;1;;02FEB2007:00:00:00;JO
0000009257315;03FEB2007:00:00:00;1;;02FEB2007:00:00:00;JO
0000009259001;03FEB2007:00:00:00;1;;02FEB2007:00:00:00;JO
0000009259018;03FEB2007:00:00:00;1;;02FEB2007:00:00:00;JO
0000009259113;03FEB2007:00:00:00;1;;02FEB2007:00:00:00;JO
0000009259691;03FEB2007:00:00:00;1;;02FEB2007:00:00:00;JO
0000009260010;03FEB2007:00:00:00;1;;02FEB2007:00:00:00;JO
0000009261771;03FEB2007:00:00:00;1;;02FEB2007:00:00:00;JO
0000009262919;03FEB2007:00:00:00;1;;02FEB2007:00:00:00;JO
0000009266550;03FEB2007:00:00:00;1;;02FEB2007:00:00:00;JO
0000009266567;03FEB2007:00:00:00;1;;02FEB2007:00:00:00;JO
0000009267928;03FEB2007:00:00:00;1;;02FEB2007:00:00:00;JO
0000009267934;03FEB2007:00:00:00;1;;02FEB2007:00:00:00;JO
0000009267957;03FEB2007:00:00:00;1;;02FEB2007:00:00:00;JO
0000009268158;05JUL2007:00:00:00;1;;02FEB2007:00:00:00;JO
0000009268218;03FEB2007:00:00:00;1;;02FEB2007:00:00:00;JO
0000009268276;03FEB2007:00:00:00;1;;02FEB2007:00:00:00;JO
0000009268282;03FEB2007:00:00:00;1;;02FEB2007:00:00:00;JO
0000009268388;13JAN2010:00:00:00;1;;12JAN2010:00:00:00;JO
0000009268394;13JAN2010:00:00:00;1;;12JAN2010:00:00:00;JO
0000009268402;13JAN2010:00:00:00;1;;12JAN2010:00:00:00;JO
0000009274762;12AUG2009:00:00:00;1;;11AUG2009:00:00:00;JO
0000009275684;03FEB2007:00:00:00;1;;02FEB2007:00:00:00;JO
0000009275690;03FEB2007:00:00:00;1;;02FEB2007:00:00:00;JO
0000009277186;03FEB2007:00:00:00;1;;02FEB2007:00:00:00;JO
0000009277192;03FEB2007:00:00:00;1;;02FEB2007:00:00:00;JO
0000009278091;03FEB2007:00:00:00;1;;02FEB2007:00:00:00;JO
0000009278116;03FEB2007:00:00:00;1;;02FEB2007:00:00:00;JO
0000009278122;03FEB2007:00:00:00;1;;02FEB2007:00:00:00;JO
0000009278599;03FEB2007:00:00:00;1;;02FEB2007:00:00:00;JO
0000009280030;03FEB2007:00:00:00;1;;02FEB2007:00:00:00;JO
0000009280047;03FEB2007:00:00:00;1;;02FEB2007:00:00:00;JO
0000009280053;03FEB2007:00:00:00;1;;02FEB2007:00:00:00;JO
0000009280797;03FEB2007:00:00:00;1;;02FEB2007:00:00:00;JO
0000009280805;03FEB2007:00:00:00;1;;02FEB2007:00:00:00;JO
0000009281070;03FEB2007:00:00:00;1;;02FEB2007:00:00:00;JO
0000009281087;03FEB2007:00:00:00;1;;02FEB2007:00:00:00;JO
0000009281093;03FEB2007:00:00:00;1;;02FEB2007:00:00:00;JO
0000009281101;03FEB2007:00:00:00;1;;02FEB2007:00:00:00;JO
0000009281118;03FEB2007:00:00:00;1;;02FEB2007:00:00:00;JO
0000009281124;03FEB2007:00:00:00;1;;02FEB2007:00:00:00;JO
0000009281130;03FEB2007:00:00:00;1;;02FEB2007:00:00:00;JO
0000009281147;03FEB2007:00:00:00;1;;02FEB2007:00:00:00;JO
0000009281176;03FEB2007:00:00:00;1;;02FEB2007:00:00:00;JO
0000009281182;03FEB2007:00:00:00;1;;02FEB2007:00:00:00;JO
0000009282744;03FEB2007:00:00:00;1;;02FEB2007:00:00:00;JO
0000009282750;03FEB2007:00:00:00;1;;02FEB2007:00:00:00;JO
0000009282767;03FEB2007:00:00:00;1;;02FEB2007:00:00:00;JO
0000009282773;03FEB2007:00:00:00;1;;02FEB2007:00:00:00;JO
0000009284306;05JUL2007:00:00:00;1;;02FEB2007:00:00:00;JO
0000009284312;05JUL2007:00:00:00;1;;02FEB2007:00:00:00;JO
0000009284329;05JUL2007:00:00:00;1;;02FEB2007:00:00:00;JO
0000009284335;05JUL2007:00:00:00;1;;02FEB2007:00:00:00;JO
0000009284341;04AUG2007:00:00:00;1;;02FEB2007:00:00:00;JO
0000009284358;03FEB2007:00:00:00;1;;02FEB2007:00:00:00;JO
0000009284364;03FEB2007:00:00:00;1;;02FEB2007:00:00:00;JO
0000009284370;03FEB2007:00:00:00;1;;02FEB2007:00:00:00;JO
0000009284387;03FEB2007:00:00:00;1;;02FEB2007:00:00:00;JO
0000009284393;11JUN2008:00:00:00;1;;02FEB2007:00:00:00;JO
0000009284401;11JUN2008:00:00:00;1;;02FEB2007:00:00:00;JO
0000009284418;11JUN2008:00:00:00;1;;02FEB2007:00:00:00;JO
0000009284424;11JUN2008:00:00:00;1;;02FEB2007:00:00:00;JO
0000009284499;03FEB2007:00:00:00;1;;02FEB2007:00:00:00;JO
0000009284507;03FEB2007:00:00:00;1;;02FEB2007:00:00:00;JO
0000009284513;03FEB2007:00:00:00;1;;02FEB2007:00:00:00;JO
0000009284536;03FEB2007:00:00:00;1;;02FEB2007:00:00:00;JO
0000009284803;05APR2007:00:00:00;1;;02FEB2007:00:00:00;JO
0000009285257;03FEB2007:00:00:00;1;;02FEB2007:00:00:00;JO
0000009285263;03FEB2007:00:00:00;1;;02FEB2007:00:00:00;JO
0000009285286;03FEB2007:00:00:00;1;;02FEB2007:00:00:00;JO
0000009285292;03FEB2007:00:00:00;1;;02FEB2007:00:00:00;JO
0000009285300;03FEB2007:00:00:00;1;;02FEB2007:00:00:00;JO
0000009285317;27DEC2007:00:00:00;1;;02FEB2007:00:00:00;JO
0000009285323;27DEC2007:00:00:00;1;;02FEB2007:00:00:00;JO
0000009285346;27DEC2007:00:00:00;1;;02FEB2007:00:00:00;JO
0000009285352;27DEC2007:00:00:00;1;;02FEB2007:00:00:00;JO
0000009285381;07FEB2008:00:00:00;1;;02FEB2007:00:00:00;JO
0000009285398;07FEB2008:00:00:00;1;;02FEB2007:00:00:00;JO
0000009285406;07FEB2008:00:00:00;1;;02FEB2007:00:00:00;JO
0000009285412;07FEB2008:00:00:00;1;;02FEB2007:00:00:00;JO
0000009290459;16MAY2007:00:00:00;1;;02FEB2007:00:00:00;JO
0000009290465;16MAY2007:00:00:00;1;;02FEB2007:00:00:00;JO
0000009290471;16MAY2007:00:00:00;1;;02FEB2007:00:00:00;JO
0000009290844;07FEB2008:00:00:00;1;;02FEB2007:00:00:00;JO
0000009290850;07FEB2008:00:00:00;1;;02FEB2007:00:00:00;JO
0000009290867;07FEB2008:00:00:00;1;;02FEB2007:00:00:00;JO
0000009290873;07FEB2008:00:00:00;1;;02FEB2007:00:00:00;JO
0000009293357;07FEB2008:00:00:00;1;;02FEB2007:00:00:00;JO
0000009293363;07FEB2008:00:00:00;1;;02FEB2007:00:00:00;JO
0000009293386;07FEB2008:00:00:00;1;;02FEB2007:00:00:00;JO
0000009293392;07FEB2008:00:00:00;1;;02FEB2007:00:00:00;JO
0000009294641;09AUG2008:00:00:00;1;;02FEB2007:00:00:00;JO
0000009294658;09AUG2008:00:00:00;1;;02FEB2007:00:00:00;JO
0000009294664;09AUG2008:00:00:00;1;;02FEB2007:00:00:00;JO
0000009294670;09AUG2008:00:00:00;1;;02FEB2007:00:00:00;JO
0000009297088;29SEP2007:00:00:00;1;;02FEB2007:00:00:00;JO
0000009297094;29SEP2007:00:00:00;1;;02FEB2007:00:00:00;JO
0000009297102;29SEP2007:00:00:00;1;;02FEB2007:00:00:00;JO
0000009297349;29SEP2007:00:00:00;1;;02FEB2007:00:00:00;JO
0000009297355;29SEP2007:00:00:00;1;;02FEB2007:00:00:00;JO
0000009298254;27DEC2007:00:00:00;1;;02FEB2007:00:00:00;JO
0000009298260;27DEC2007:00:00:00;1;;02FEB2007:00:00:00;JO
0000009298277;29SEP2007:00:00:00;1;;02FEB2007:00:00:00;JO
0000009298490;16APR2008:00:00:00;1;;02FEB2007:00:00:00;JO
0000009298509;16APR2008:00:00:00;1;;02FEB2007:00:00:00;JO
0000009299443;11JUN2008:00:00:00;1;;02FEB2007:00:00:00;JO
0000009299466;11JUN2008:00:00:00;1;;02FEB2007:00:00:00;JO
0000009299472;11JUN2008:00:00:00;1;;02FEB2007:00:00:00;JO
0000009299489;11JUN2008:00:00:00;1;;02FEB2007:00:00:00;JO
0000009301163;11APR2008:00:00:00;1;;02FEB2007:00:00:00;JO
0000009301186;11APR2008:00:00:00;1;;02FEB2007:00:00:00;JO
0000009301393;09AUG2008:00:00:00;1;;02FEB2007:00:00:00;JO
0000009301401;09AUG2008:00:00:00;1;;02FEB2007:00:00:00;JO
0000009302139;16APR2008:00:00:00;1;;02FEB2007:00:00:00;JO
0000009302145;16APR2008:00:00:00;1;;02FEB2007:00:00:00;JO
0000009302286;28OCT2009:00:00:00;1;;27OCT2009:00:00:00;JO
0000009302292;28OCT2009:00:00:00;1;;27OCT2009:00:00:00;JO
0000009302300;28OCT2009:00:00:00;1;;27OCT2009:00:00:00;JO
0000009302323;28OCT2009:00:00:00;1;;27OCT2009:00:00:00;JO
0000009304457;11APR2008:00:00:00;1;;02FEB2007:00:00:00;JO
0000009304463;11APR2008:00:00:00;1;;02FEB2007:00:00:00;JO
0000009304486;11APR2008:00:00:00;1;;02FEB2007:00:00:00;JO
0000009304492;11APR2008:00:00:00;1;;02FEB2007:00:00:00;JO
0000009305095;11JUN2008:00:00:00;1;;02FEB2007:00:00:00;JO
0000009305103;11JUN2008:00:00:00;1;;02FEB2007:00:00:00;JO
0000009305126;11JUN2008:00:00:00;1;;02FEB2007:00:00:00;JO
0000009305132;11JUN2008:00:00:00;1;;02FEB2007:00:00:00;JO
0000009305379;11JUN2008:00:00:00;1;;02FEB2007:00:00:00;JO
0000009305385;11JUN2008:00:00:00;1;;02FEB2007:00:00:00;JO
0000009305391;11JUN2008:00:00:00;1;;02FEB2007:00:00:00;JO
0000009306634;26JUN2008:00:00:00;1;;02FEB2007:00:00:00;JO
0000009306640;26JUN2008:00:00:00;1;;02FEB2007:00:00:00;JO
0000009306657;26JUN2008:00:00:00;1;;02FEB2007:00:00:00;JO
0000009306663;26JUN2008:00:00:00;1;;02FEB2007:00:00:00;JO
0000009306686;26JUN2008:00:00:00;1;;02FEB2007:00:00:00;JO
0000009307800;11JUN2008:00:00:00;1;;02FEB2007:00:00:00;JO
0000009308254;11JUN2008:00:00:00;1;;02FEB2007:00:00:00;JO
0000009308857;09AUG2008:00:00:00;1;;02FEB2007:00:00:00;JO
0000009308863;09AUG2008:00:00:00;1;;02FEB2007:00:00:00;JO
0000009308923;09AUG2008:00:00:00;1;;02FEB2007:00:00:00;JO
0000009308946;09AUG2008:00:00:00;1;;02FEB2007:00:00:00;JO
0000009308952;09AUG2008:00:00:00;1;;02FEB2007:00:00:00;JO
0000009308969;09AUG2008:00:00:00;1;;02FEB2007:00:00:00;JO
0000009309779;31JAN2009:00:00:00;1;;11AUG2009:00:00:00;JO
0000009309785;31JAN2009:00:00:00;1;;11AUG2009:00:00:00;JO
0000009309791;31JAN2009:00:00:00;1;;11AUG2009:00:00:00;JO
0000009310587;31JAN2009:00:00:00;1;;30JAN2009:00:00:00;JO
0000009310593;31JAN2009:00:00:00;1;;30JAN2009:00:00:00;JO
0000009310601;31JAN2009:00:00:00;1;;30JAN2009:00:00:00;JO
0000009311670;31JAN2009:00:00:00;1;;14OCT2009:00:00:00;CNAMTS
0000009312600;31JAN2009:00:00:00;1;;20AUG2009:00:00:00;CNAMTS
0000009312617;31JAN2009:00:00:00;1;;20AUG2009:00:00:00;CNAMTS
0000009312646;13DEC2008:00:00:00;1;;20AUG2009:00:00:00;CNAMTS
0000009312698;31JAN2009:00:00:00;1;;14OCT2009:00:00:00;CNAMTS
0000009312758;31JAN2009:00:00:00;1;;14OCT2009:00:00:00;CNAMTS
0000009312793;17OCT2009:00:00:00;1;;16OCT2009:00:00:00;JO
0000009312801;17OCT2009:00:00:00;1;;16OCT2009:00:00:00;JO
0000009313143;31JAN2009:00:00:00;1;;20AUG2009:00:00:00;CNAMTS
0000009314415;31JAN2009:00:00:00;1;;20AUG2009:00:00:00;CNAMTS
0000009314591;31JAN2009:00:00:00;1;;11AUG2009:00:00:00;JO
0000009314616;31JAN2009:00:00:00;1;;11AUG2009:00:00:00;JO
0000009315892;04APR2009:00:00:00;1;;03APR2009:00:00:00;JO
0000009315900;04APR2009:00:00:00;1;;03APR2009:00:00:00;JO
0000009316058;04APR2009:00:00:00;1;;03APR2009:00:00:00;JO
0000009316064;04APR2009:00:00:00;1;;03APR2009:00:00:00;JO
0000009316070;04APR2009:00:00:00;1;;03APR2009:00:00:00;JO
0000009316207;11JUN2009:00:00:00;1;;10JUN2009:00:00:00;JO
0000009316213;11JUN2009:00:00:00;1;;10JUN2009:00:00:00;JO
0000009316236;11JUN2009:00:00:00;1;;10JUN2009:00:00:00;JO
0000009316242;11JUN2009:00:00:00;1;;10JUN2009:00:00:00;JO
0000009316710;04APR2009:00:00:00;1;;03APR2009:00:00:00;JO
0000009317170;26MAR2009:00:00:00;1;;25MAR2009:00:00:00;JO
0000009317187;26MAR2009:00:00:00;1;;25MAR2009:00:00:00;JO
0000009317193;26MAR2009:00:00:00;1;;25MAR2009:00:00:00;JO
0000009318465;14AUG2010:00:00:00;1;;13AUG2010:00:00:00;JO
0000009318471;14AUG2010:00:00:00;1;;13AUG2010:00:00:00;JO
0000009318910;17OCT2009:00:00:00;1;;16OCT2009:00:00:00;JO
0000009319022;26MAR2009:00:00:00;1;;25MAR2009:00:00:00;JO
0000009319708;04APR2009:00:00:00;1;;03APR2009:00:00:00;JO
0000009319714;04APR2009:00:00:00;1;;03APR2009:00:00:00;JO
0000009319720;04APR2009:00:00:00;1;;03APR2009:00:00:00;JO
0000009319737;04APR2009:00:00:00;1;;03APR2009:00:00:00;JO
0000009320054;28MAY2010:00:00:00;1;;27MAY2010:00:00:00;JO
0000009320060;28MAY2010:00:00:00;1;;27MAY2010:00:00:00;JO
0000009320077;28MAY2010:00:00:00;1;;27MAY2010:00:00:00;JO
0000009321036;20NOV2009:00:00:00;1;;19NOV2009:00:00:00;JO
0000009321042;20NOV2009:00:00:00;1;;19NOV2009:00:00:00;JO
0000009322231;20NOV2009:00:00:00;1;;19NOV2009:00:00:00;JO
0000009322248;26MAR2009:00:00:00;1;;25MAR2009:00:00:00;JO
0000009323791;04APR2009:00:00:00;1;;03APR2009:00:00:00;JO
0000009323816;04APR2009:00:00:00;1;;03APR2009:00:00:00;JO
0000009323851;17OCT2009:00:00:00;1;;16OCT2009:00:00:00;JO
0000009324230;26MAR2009:00:00:00;1;;25MAR2009:00:00:00;JO
0000009324247;26MAR2009:00:00:00;1;;25MAR2009:00:00:00;JO
0000009324253;11JUN2009:00:00:00;1;;10JUN2009:00:00:00;JO
0000009324276;11JUN2009:00:00:00;1;;10JUN2009:00:00:00;JO
0000009325212;17OCT2009:00:00:00;1;;16OCT2009:00:00:00;JO
0000009325229;17OCT2009:00:00:00;1;;16OCT2009:00:00:00;JO
0000009325755;17OCT2009:00:00:00;1;;16OCT2009:00:00:00;JO
0000009325761;17OCT2009:00:00:00;1;;16OCT2009:00:00:00;JO
0000009325979;17OCT2009:00:00:00;1;;16OCT2009:00:00:00;JO
0000009326246;23SEP2009:00:00:00;1;;22SEP2009:00:00:00;JO
0000009326252;23SEP2009:00:00:00;1;;22SEP2009:00:00:00;JO
0000009326393;30SEP2009:00:00:00;1;;29SEP2009:00:00:00;JO
0000009327725;20NOV2009:00:00:00;1;;19NOV2009:00:00:00;JO
0000009327731;20NOV2009:00:00:00;1;;19NOV2009:00:00:00;JO
0000009327748;20NOV2009:00:00:00;1;;19NOV2009:00:00:00;JO
0000009327903;17OCT2009:00:00:00;1;;16OCT2009:00:00:00;JO
0000009327926;17OCT2009:00:00:00;1;;16OCT2009:00:00:00;JO
0000009327932;17OCT2009:00:00:00;1;;16OCT2009:00:00:00;JO
0000009327949;17OCT2009:00:00:00;1;;16OCT2009:00:00:00;JO
0000009328481;23SEP2009:00:00:00;1;;22SEP2009:00:00:00;JO
0000009329173;13JAN2010:00:00:00;1;;12JAN2010:00:00:00;JO
0000009329196;13JAN2010:00:00:00;1;;12JAN2010:00:00:00;JO
0000009330182;20NOV2009:00:00:00;1;;19NOV2009:00:00:00;JO
0000009330199;20NOV2009:00:00:00;1;;19NOV2009:00:00:00;JO
0000009330207;23SEP2009:00:00:00;1;;22SEP2009:00:00:00;JO
0000009330213;23SEP2009:00:00:00;1;;22SEP2009:00:00:00;JO
0000009332637;23SEP2009:00:00:00;1;;22SEP2009:00:00:00;JO
0000009332643;23SEP2009:00:00:00;1;;22SEP2009:00:00:00;JO
0000009332703;23SEP2009:00:00:00;1;;22SEP2009:00:00:00;JO
0000009332732;23SEP2009:00:00:00;1;;22SEP2009:00:00:00;JO
0000009332778;23SEP2009:00:00:00;1;;22SEP2009:00:00:00;JO
0000009332784;23SEP2009:00:00:00;1;;22SEP2009:00:00:00;JO
0000009332809;23SEP2009:00:00:00;1;;22SEP2009:00:00:00;JO
0000009332815;23SEP2009:00:00:00;1;;22SEP2009:00:00:00;JO
0000009332821;23SEP2009:00:00:00;1;;22SEP2009:00:00:00;JO
0000009333329;20NOV2009:00:00:00;1;;19NOV2009:00:00:00;JO
0000009333335;14NOV2009:00:00:00;1;;13NOV2009:00:00:00;JO
0000009333341;14NOV2009:00:00:00;1;;13NOV2009:00:00:00;JO
0000009334582;14NOV2009:00:00:00;1;;13NOV2009:00:00:00;JO
0000009334665;20NOV2009:00:00:00;1;;19NOV2009:00:00:00;JO
0000009334814;14AUG2010:00:00:00;1;;13AUG2010:00:00:00;JO
0000009334820;14AUG2010:00:00:00;1;;13AUG2010:00:00:00;JO
0000009334866;28MAY2010:00:00:00;1;;27MAY2010:00:00:00;JO
0000009334872;28MAY2010:00:00:00;1;;27MAY2010:00:00:00;JO
0000009334889;28MAY2010:00:00:00;1;;27MAY2010:00:00:00;JO
0000009334895;28MAY2010:00:00:00;1;;27MAY2010:00:00:00;JO
0000009337913;13JAN2010:00:00:00;1;;12JAN2010:00:00:00;JO
0000009337936;13JAN2010:00:00:00;1;;12JAN2010:00:00:00;JO
0000009337942;13JAN2010:00:00:00;1;;12JAN2010:00:00:00;JO
0000009337959;13JAN2010:00:00:00;1;;12JAN2010:00:00:00;JO
0000009338249;20JAN2010:00:00:00;1;;19JAN2010:00:00:00;JO
0000009338255;20JAN2010:00:00:00;1;;19JAN2010:00:00:00;JO
0000009338427;13JAN2010:00:00:00;1;;12JAN2010:00:00:00;JO
0000009338433;13JAN2010:00:00:00;1;;12JAN2010:00:00:00;JO
0000009338491;13JAN2010:00:00:00;1;;12JAN2010:00:00:00;JO
0000009339272;13JAN2010:00:00:00;1;;12JAN2010:00:00:00;JO
0000009339289;13JAN2010:00:00:00;1;;12JAN2010:00:00:00;JO
0000009340950;12MAR2010:00:00:00;1;;11MAR2010:00:00:00;JO
0000009340967;12MAR2010:00:00:00;1;;11MAR2010:00:00:00;JO
0000009340973;12MAR2010:00:00:00;1;;11MAR2010:00:00:00;JO
0000009340996;12MAR2010:00:00:00;1;;11MAR2010:00:00:00;JO
0000009341004;12MAR2010:00:00:00;1;;11MAR2010:00:00:00;JO
0000009343115;08DEC2010:00:00:00;1;;07DEC2010:00:00:00;JO
0000009343121;08DEC2010:00:00:00;1;;07DEC2010:00:00:00;JO
0000009343138;08DEC2010:00:00:00;1;;07DEC2010:00:00:00;JO
0000009343546;14APR2010:00:00:00;1;;13APR2010:00:00:00;JO
0000009343724;08DEC2010:00:00:00;1;;07DEC2010:00:00:00;JO
0000009343730;08DEC2010:00:00:00;1;;07DEC2010:00:00:00;JO
0000009343747;08DEC2010:00:00:00;1;;07DEC2010:00:00:00;JO
0000009343753;08DEC2010:00:00:00;1;;07DEC2010:00:00:00;JO
0000009344847;14AUG2010:00:00:00;1;;13AUG2010:00:00:00;JO
0000009344853;14AUG2010:00:00:00;1;;13AUG2010:00:00:00;JO
0000009345930;28MAY2010:00:00:00;1;;27MAY2010:00:00:00;JO
0000009345947;28MAY2010:00:00:00;1;;27MAY2010:00:00:00;JO
0000009347863;14JUL2010:00:00:00;1;;13JUL2010:00:00:00;JO
0000009347998;08DEC2010:00:00:00;1;;07DEC2010:00:00:00;JO
0000009348006;06JAN2011:00:00:00;1;;18JAN2011:00:00:00;CNAMTS
0000009348093;14AUG2010:00:00:00;1;;13AUG2010:00:00:00;JO
0000009348101;14AUG2010:00:00:00;1;;13AUG2010:00:00:00;JO
0000009348383;14JUL2010:00:00:00;1;;13JUL2010:00:00:00;JO
0000009348408;14JUL2010:00:00:00;1;;13JUL2010:00:00:00;JO
0000009351698;06JAN2011:00:00:00;1;;18JAN2011:00:00:00;CNAMTS
0000009351706;06JAN2011:00:00:00;1;;18JAN2011:00:00:00;CNAMTS
0000009351712;06JAN2011:00:00:00;1;;18JAN2011:00:00:00;CNAMTS
0000009352686;20OCT2010:00:00:00;1;;27OCT2010:00:00:00;CNAMTS
0000009352692;20OCT2010:00:00:00;1;;27OCT2010:00:00:00;CNAMTS
0000009352700;20OCT2010:00:00:00;1;;27OCT2010:00:00:00;CNAMTS
0000009352887;14JAN2011:00:00:00;1;;13JAN2011:00:00:00;JO
0000009352893;14JAN2011:00:00:00;1;;13JAN2011:00:00:00;JO
0000009353728;08DEC2010:00:00:00;1;;07DEC2010:00:00:00;JO
0000009353734;08DEC2010:00:00:00;1;;07DEC2010:00:00:00;JO
0000009354604;08DEC2010:00:00:00;1;;07DEC2010:00:00:00;JO
0000009354610;08DEC2010:00:00:00;1;;07DEC2010:00:00:00;JO
0000009354627;08DEC2010:00:00:00;1;;07DEC2010:00:00:00;JO
0000009354923;08DEC2010:00:00:00;1;;07DEC2010:00:00:00;JO
0000009354946;08DEC2010:00:00:00;1;;07DEC2010:00:00:00;JO
0000009354952;08DEC2010:00:00:00;1;;07DEC2010:00:00:00;JO
0000009354969;08DEC2010:00:00:00;1;;07DEC2010:00:00:00;JO
0000009354975;08DEC2010:00:00:00;1;;07DEC2010:00:00:00;JO
0000009355288;27JAN2011:00:00:00;1;;26JAN2011:00:00:00;JO
0000009355294;27JAN2011:00:00:00;1;;26JAN2011:00:00:00;JO
0000009360898;14APR2011:00:00:00;1;;13APR2011:00:00:00;JO
0000009360906;14APR2011:00:00:00;1;;13APR2011:00:00:00;JO
0000009360912;14APR2011:00:00:00;1;;13APR2011:00:00:00;JO
0000009360929;04MAR2011:00:00:00;1;;03MAR2011:00:00:00;JO
0000009365080;08JUN2011:00:00:00;1;;07JUN2011:00:00:00;JO
0000009365097;08JUN2011:00:00:00;1;;07JUN2011:00:00:00;JO
0000009384485;27JUL2013:00:00:00;1;;26JUL2013:00:00:00;JO
0000009384491;27JUL2013:00:00:00;1;;26JUL2013:00:00:00;JO
0000009384516;27JUL2013:00:00:00;1;;26JUL2013:00:00:00;JO
