BTF_PRS_IDE;BTF_HIS_DTD;BTF_TAR_NAT;BTF_HIS_DTF;BTF_TAR_COF
557;30MAR1997:00:00:00;B;31DEC9999:00:00:00;20
559;11DEC2005:00:00:00;B;18JAN2010:00:00:00;40
559;19JAN2010:00:00:00;B;10FEB2011:00:00:00;30
559;11FEB2011:00:00:00;B;31DEC9999:00:00:00;25
563;11NOV2007:00:00:00;B;10FEB2011:00:00:00;10
563;11FEB2011:00:00:00;B;30JAN2012:00:00:00;8
563;31JAN2012:00:00:00;B;31MAR2017:00:00:00;7
563;01APR2017:00:00:00;B;31DEC9999:00:00:00;6
565;27MAR1997:00:00:00;B;31DEC9999:00:00:00;60
566;27MAR1997:00:00:00;B;31DEC9999:00:00:00;60
567;27MAR1997:00:00:00;B;31DEC9999:00:00:00;20
570;11NOV2007:00:00:00;B;12APR2014:00:00:00;55
570;13APR2014:00:00:00;B;31MAR2019:00:00:00;53
571;11DEC2005:00:00:00;B;07FEB2009:00:00:00;15
571;08FEB2009:00:00:00;B;18JAN2010:00:00:00;10
571;19JAN2010:00:00:00;B;10FEB2011:00:00:00;8
571;11FEB2011:00:00:00;B;31MAR2017:00:00:00;7
571;01APR2017:00:00:00;B;31DEC9999:00:00:00;6
578;11DEC2005:00:00:00;B;07FEB2009:00:00:00;15
578;08FEB2009:00:00:00;B;18JAN2010:00:00:00;10
578;19JAN2010:00:00:00;B;10FEB2011:00:00:00;8
578;11FEB2011:00:00:00;B;31MAR2017:00:00:00;7
578;01APR2017:00:00:00;B;31DEC9999:00:00:00;6
580;11DEC2005:00:00:00;B;26NOV2009:00:00:00;5
580;27NOV2009:00:00:00;B;31DEC9999:00:00:00;5
584;11DEC2005:00:00:00;B;18JAN2010:00:00:00;15
584;19JAN2010:00:00:00;B;31MAR2017:00:00:00;7
584;01APR2017:00:00:00;B;31DEC9999:00:00:00;6
590;11DEC2005:00:00:00;B;26NOV2009:00:00:00;10
590;27NOV2009:00:00:00;B;18JAN2010:00:00:00;10
590;19JAN2010:00:00:00;B;10FEB2011:00:00:00;8
590;11FEB2011:00:00:00;B;31MAR2017:00:00:00;7
590;01APR2017:00:00:00;B;31DEC9999:00:00:00;6
591;11DEC2005:00:00:00;B;18JAN2010:00:00:00;10
591;19JAN2010:00:00:00;B;10FEB2011:00:00:00;8
591;11FEB2011:00:00:00;B;17JUN2011:00:00:00;7
591;18JUN2011:00:00:00;B;31MAR2017:00:00:00;7
591;01APR2017:00:00:00;B;18SEP2019:00:00:00;6
592;11DEC2005:00:00:00;B;18JAN2010:00:00:00;10
592;19JAN2010:00:00:00;B;10FEB2011:00:00:00;8
592;11FEB2011:00:00:00;B;03SEP2014:00:00:00;7
592;04SEP2014:00:00:00;B;31MAR2017:00:00:00;7
592;01APR2017:00:00:00;B;18SEP2019:00:00:00;6
593;11DEC2005:00:00:00;B;17JUN2011:00:00:00;10
593;18JUN2011:00:00:00;B;30JAN2012:00:00:00;10
593;31JAN2012:00:00:00;B;16APR2013:00:00:00;9
593;17APR2013:00:00:00;B;03SEP2014:00:00:00;8
593;04SEP2014:00:00:00;B;31MAR2017:00:00:00;8
593;01APR2017:00:00:00;B;19SEP2019:00:00:00;7
603;11DEC2005:00:00:00;B;31DEC9999:00:00:00;10
611;11DEC2005:00:00:00;B;31DEC9999:00:00:00;70
614;11DEC2005:00:00:00;B;31DEC9999:00:00:00;230
620;11DEC2005:00:00:00;B;31DEC9999:00:00:00;5
622;11DEC2005:00:00:00;B;18JAN2010:00:00:00;10
622;19JAN2010:00:00:00;B;10FEB2011:00:00:00;8
622;11FEB2011:00:00:00;B;31DEC9999:00:00:00;7
624;11DEC2005:00:00:00;B;18JAN2010:00:00:00;20
624;19JAN2010:00:00:00;B;10FEB2011:00:00:00;10
624;11FEB2011:00:00:00;B;31MAR2017:00:00:00;7
624;01APR2017:00:00:00;B;31DEC9999:00:00:00;6
627;11DEC2005:00:00:00;B;18JAN2010:00:00:00;10
627;19JAN2010:00:00:00;B;10FEB2011:00:00:00;8
627;11FEB2011:00:00:00;B;31MAR2017:00:00:00;7
627;01APR2017:00:00:00;B;31DEC9999:00:00:00;6
629;11DEC2005:00:00:00;B;10FEB2011:00:00:00;15
629;11FEB2011:00:00:00;B;30JAN2012:00:00:00;8
629;31JAN2012:00:00:00;B;31MAR2017:00:00:00;7
629;01APR2017:00:00:00;B;31DEC9999:00:00:00;6
630;11DEC2005:00:00:00;B;10FEB2011:00:00:00;10
630;11FEB2011:00:00:00;B;31DEC9999:00:00:00;7
631;11DEC2005:00:00:00;B;31DEC9999:00:00:00;5
635;11DEC2005:00:00:00;B;18JAN2010:00:00:00;70
635;19JAN2010:00:00:00;B;10FEB2011:00:00:00;60
635;11FEB2011:00:00:00;B;31DEC9999:00:00:00;55
637;11DEC2005:00:00:00;B;31DEC9999:00:00:00;5
638;11DEC2005:00:00:00;B;31DEC9999:00:00:00;70
640;11DEC2005:00:00:00;B;16APR2013:00:00:00;10
640;17APR2013:00:00:00;B;31MAR2019:00:00:00;7
647;11DEC2005:00:00:00;B;31DEC9999:00:00:00;5
657;27MAR1997:00:00:00;B;31DEC9999:00:00:00;140
659;27MAR1997:00:00:00;B;07FEB2009:00:00:00;120
659;08FEB2009:00:00:00;B;30JAN2012:00:00:00;110
659;31JAN2012:00:00:00;B;12APR2014:00:00:00;95
659;13APR2014:00:00:00;B;31DEC9999:00:00:00;90
662;27MAR1997:00:00:00;B;30JAN2012:00:00:00;120
662;31JAN2012:00:00:00;B;31DEC9999:00:00:00;100
663;27MAR1997:00:00:00;B;31DEC9999:00:00:00;70
664;27MAR1997:00:00:00;B;31DEC9999:00:00:00;120
665;27MAR1997:00:00:00;B;31DEC9999:00:00:00;120
666;01JAN1996:00:00:00;B;24DEC2008:00:00:00;50
666;25DEC2008:00:00:00;B;31DEC9999:00:00:00;90
667;27MAR1997:00:00:00;B;31DEC9999:00:00:00;70
668;27MAR1997:00:00:00;B;31DEC9999:00:00:00;190
671;27MAR1997:00:00:00;B;31DEC9999:00:00:00;120
672;27MAR1997:00:00:00;B;31DEC9999:00:00:00;70
673;27MAR1997:00:00:00;B;31DEC9999:00:00:00;120
674;27MAR1997:00:00:00;B;31DEC9999:00:00:00;190
679;27MAR1997:00:00:00;B;31DEC9999:00:00:00;60
691;11DEC2005:00:00:00;B;16APR2013:00:00:00;10
691;17APR2013:00:00:00;B;31DEC9999:00:00:00;9
693;11DEC2005:00:00:00;B;31DEC9999:00:00:00;60
701;28JAN2004:00:00:00;B;07FEB2009:00:00:00;120
701;08FEB2009:00:00:00;B;18JAN2010:00:00:00;100
701;19JAN2010:00:00:00;B;10FEB2011:00:00:00;90
701;11FEB2011:00:00:00;B;31MAR2017:00:00:00;85
701;01APR2017:00:00:00;B;31DEC9999:00:00:00;80
703;28JAN2004:00:00:00;B;31DEC9999:00:00:00;110
714;28JAN2004:00:00:00;B;07FEB2009:00:00:00;100
714;08FEB2009:00:00:00;B;18JAN2010:00:00:00;90
714;19JAN2010:00:00:00;B;19APR2016:00:00:00;80
714;20APR2016:00:00:00;B;31DEC9999:00:00:00;78
727;28JAN2004:00:00:00;B;10FEB2011:00:00:00;80
727;11FEB2011:00:00:00;B;31DEC9999:00:00:00;70
745;28JAN2004:00:00:00;B;31DEC9999:00:00:00;120
756;28JAN2004:00:00:00;B;31DEC9999:00:00:00;70
763;28JAN2004:00:00:00;B;31DEC9999:00:00:00;100
764;28JAN2004:00:00:00;B;07FEB2009:00:00:00;100
764;08FEB2009:00:00:00;B;18JAN2010:00:00:00;80
764;19JAN2010:00:00:00;B;31DEC9999:00:00:00;70
774;28JAN2004:00:00:00;B;18JAN2010:00:00:00;110
774;19JAN2010:00:00:00;B;31DEC9999:00:00:00;90
776;28JAN2004:00:00:00;B;07FEB2009:00:00:00;100
776;08FEB2009:00:00:00;B;18JAN2010:00:00:00;90
776;19JAN2010:00:00:00;B;19APR2016:00:00:00;80
776;20APR2016:00:00:00;B;31DEC9999:00:00:00;78
777;28JAN2004:00:00:00;B;07FEB2009:00:00:00;120
777;08FEB2009:00:00:00;B;18JAN2010:00:00:00;110
777;19JAN2010:00:00:00;B;10FEB2011:00:00:00;80
777;11FEB2011:00:00:00;B;31MAR2019:00:00:00;75
779;11NOV2007:00:00:00;B;07FEB2009:00:00:00;90
779;08FEB2009:00:00:00;B;18JAN2010:00:00:00;75
779;19JAN2010:00:00:00;B;10FEB2011:00:00:00;65
779;11FEB2011:00:00:00;B;12JUL2017:00:00:00;55
779;13JUL2017:00:00:00;B;31DEC9999:00:00:00;55
780;28JAN2004:00:00:00;B;18JAN2010:00:00:00;100
780;19JAN2010:00:00:00;B;19APR2016:00:00:00;90
780;20APR2016:00:00:00;B;31MAR2017:00:00:00;88
780;01APR2017:00:00:00;B;13APR2018:00:00:00;85
783;28JAN2004:00:00:00;B;31DEC9999:00:00:00;100
785;28JAN2004:00:00:00;B;18JAN2010:00:00:00;80
785;19JAN2010:00:00:00;B;31DEC9999:00:00:00;70
805;31JAN2005:00:00:00;B;31DEC9999:00:00:00;1100
806;31JAN2005:00:00:00;B;31DEC9999:00:00:00;550
812;28JAN2004:00:00:00;B;07FEB2009:00:00:00;100
812;08FEB2009:00:00:00;B;12APR2014:00:00:00;90
812;13APR2014:00:00:00;B;19APR2016:00:00:00;89
812;20APR2016:00:00:00;B;31DEC9999:00:00:00;86
813;28JAN2004:00:00:00;B;18JAN2010:00:00:00;110
813;19JAN2010:00:00:00;B;31DEC9999:00:00:00;90
814;28JAN2004:00:00:00;B;07FEB2009:00:00:00;100
814;08FEB2009:00:00:00;B;18JAN2010:00:00:00;90
814;19JAN2010:00:00:00;B;12APR2014:00:00:00;80
814;13APR2014:00:00:00;B;31DEC9999:00:00:00;79
821;28JAN2004:00:00:00;B;07FEB2009:00:00:00;100
821;08FEB2009:00:00:00;B;18JAN2010:00:00:00;80
821;19JAN2010:00:00:00;B;10FEB2011:00:00:00;70
821;11FEB2011:00:00:00;B;12APR2014:00:00:00;65
821;13APR2014:00:00:00;B;31DEC9999:00:00:00;60
822;28JAN2004:00:00:00;B;12APR2014:00:00:00;100
822;13APR2014:00:00:00;B;31DEC9999:00:00:00;90
823;28JAN2004:00:00:00;B;31DEC9999:00:00:00;100
884;28JAN2004:00:00:00;B;31DEC9999:00:00:00;200
901;30DEC2004:00:00:00;B;31DEC9999:00:00:00;800
902;30DEC2004:00:00:00;B;31DEC9999:00:00:00;1200
903;30APR2007:00:00:00;B;31DEC9999:00:00:00;500
904;30APR2007:00:00:00;B;31DEC9999:00:00:00;1000
905;30APR2007:00:00:00;B;31DEC9999:00:00:00;500
906;30APR2007:00:00:00;B;31DEC9999:00:00:00;800
907;30APR2007:00:00:00;B;31DEC9999:00:00:00;1200
966;28JAN2004:00:00:00;B;10FEB2011:00:00:00;55
966;11FEB2011:00:00:00;B;13APR2018:00:00:00;51
967;28JAN2004:00:00:00;B;10FEB2011:00:00:00;55
967;11FEB2011:00:00:00;B;13APR2018:00:00:00;51
968;28JAN2004:00:00:00;B;10FEB2011:00:00:00;55
968;11FEB2011:00:00:00;B;13APR2018:00:00:00;51
1241;13AUG1997:00:00:00;B;31DEC9999:00:00:00;60
1242;12OCT1997:00:00:00;B;31DEC9999:00:00:00;80
1245;11DEC2005:00:00:00;B;04SEP2014:00:00:00;30
1246;11DEC2005:00:00:00;B;18JAN2010:00:00:00;60
1246;19JAN2010:00:00:00;B;31DEC9999:00:00:00;50
1247;11DEC2005:00:00:00;B;18JAN2010:00:00:00;60
1247;19JAN2010:00:00:00;B;31DEC9999:00:00:00;50
1248;11DEC2005:00:00:00;B;31DEC9999:00:00:00;60
1249;11DEC2005:00:00:00;B;31DEC9999:00:00:00;120
1250;11DEC2005:00:00:00;B;28JUN2018:00:00:00;180
1251;11DEC2005:00:00:00;B;28JUN2018:00:00:00;180
1252;11DEC2005:00:00:00;B;31DEC9999:00:00:00;60
1253;04SEP2014:00:00:00;B;08AUG2017:00:00:00;90
1254;04SEP2014:00:00:00;B;31DEC9999:00:00:00;90
1255;04SEP2014:00:00:00;B;31DEC9999:00:00:00;90
1301;11DEC2005:00:00:00;B;06FEB2009:00:00:00;60
1301;07FEB2009:00:00:00;B;31DEC9999:00:00:00;60
1302;11DEC2005:00:00:00;B;18JAN2010:00:00:00;180
1302;19JAN2010:00:00:00;B;10FEB2011:00:00:00;160
1302;11FEB2011:00:00:00;B;31MAR2019:00:00:00;150
1305;11DEC2005:00:00:00;B;31DEC9999:00:00:00;45
1307;11DEC2005:00:00:00;B;03NOV2011:00:00:00;60
1307;04NOV2011:00:00:00;B;31DEC9999:00:00:00;40
1308;11DEC2005:00:00:00;B;31DEC9999:00:00:00;60
1309;11DEC2005:00:00:00;B;31DEC9999:00:00:00;60
1310;11DEC2005:00:00:00;B;31DEC9999:00:00:00;30
1311;11DEC2005:00:00:00;B;31DEC9999:00:00:00;60
1312;11DEC2005:00:00:00;B;04SEP2014:00:00:00;120
1313;11DEC2005:00:00:00;B;31DEC9999:00:00:00;30
1316;11DEC2005:00:00:00;B;31DEC9999:00:00:00;40
1317;11DEC2005:00:00:00;B;31DEC9999:00:00:00;40
1318;11DEC2005:00:00:00;B;31DEC9999:00:00:00;60
1319;11DEC2005:00:00:00;B;31DEC9999:00:00:00;40
1323;11DEC2005:00:00:00;B;10FEB2011:00:00:00;30
1323;11FEB2011:00:00:00;B;31DEC9999:00:00:00;20
1324;11DEC2005:00:00:00;B;10FEB2011:00:00:00;60
1324;11FEB2011:00:00:00;B;31DEC9999:00:00:00;40
1326;11DEC2005:00:00:00;B;29JUN2018:00:00:00;20
1327;11DEC2005:00:00:00;B;10FEB2011:00:00:00;40
1327;11FEB2011:00:00:00;B;29JUN2018:00:00:00;30
1330;11DEC2005:00:00:00;B;28JUN2018:00:00:00;60
1331;11DEC2005:00:00:00;B;31DEC9999:00:00:00;40
1332;11DEC2005:00:00:00;B;10FEB2011:00:00:00;60
1332;11FEB2011:00:00:00;B;31DEC9999:00:00:00;50
1333;11DEC2005:00:00:00;B;31DEC9999:00:00:00;40
1334;11DEC2005:00:00:00;B;31DEC9999:00:00:00;30
1335;11DEC2005:00:00:00;B;31DEC9999:00:00:00;90
1336;11DEC2005:00:00:00;B;31DEC9999:00:00:00;60
1337;11DEC2005:00:00:00;B;31DEC9999:00:00:00;120
1339;11DEC2005:00:00:00;B;07FEB2009:00:00:00;180
1339;08FEB2009:00:00:00;B;15MAR2011:00:00:00;150
1374;28JAN2004:00:00:00;B;07FEB2009:00:00:00;70
1374;08FEB2009:00:00:00;B;18JAN2010:00:00:00;65
1374;19JAN2010:00:00:00;B;10FEB2011:00:00:00;60
1374;11FEB2011:00:00:00;B;30JAN2012:00:00:00;50
1374;31JAN2012:00:00:00;B;13APR2018:00:00:00;45
1376;30JUL1997:00:00:00;B;31DEC9999:00:00:00;120
1377;30APR2007:00:00:00;B;13APR2018:00:00:00;70
1385;04JUL2006:00:00:00;B;07FEB2009:00:00:00;100
1385;08FEB2009:00:00:00;B;10FEB2011:00:00:00;85
1385;11FEB2011:00:00:00;B;12JUL2017:00:00:00;66
1385;13JUL2017:00:00:00;B;13APR2018:00:00:00;66
1387;28JAN2004:00:00:00;B;07FEB2009:00:00:00;70
1387;08FEB2009:00:00:00;B;18JAN2010:00:00:00;65
1387;19JAN2010:00:00:00;B;10FEB2011:00:00:00;60
1387;11FEB2011:00:00:00;B;30JAN2012:00:00:00;50
1387;31JAN2012:00:00:00;B;13APR2018:00:00:00;45
1392;28JAN2004:00:00:00;B;31DEC9999:00:00:00;70
1393;28JAN2004:00:00:00;B;31DEC9999:00:00:00;130
1394;28JAN2004:00:00:00;B;31DEC9999:00:00:00;190
1414;11DEC2005:00:00:00;B;24DEC2008:00:00:00;60
1414;25DEC2008:00:00:00;B;31DEC9999:00:00:00;60
1415;11DEC2005:00:00:00;B;24DEC2008:00:00:00;100
1415;25DEC2008:00:00:00;B;31DEC9999:00:00:00;100
1416;25DEC2008:00:00:00;B;31DEC9999:00:00:00;60
1417;25DEC2008:00:00:00;B;31DEC9999:00:00:00;50
1418;25DEC2008:00:00:00;B;31DEC9999:00:00:00;40
1419;25DEC2008:00:00:00;B;31DEC9999:00:00:00;10
1420;30MAR1997:00:00:00;B;10FEB2011:00:00:00;60
1420;11FEB2011:00:00:00;B;31JAN2019:00:00:00;40
1421;30MAR1997:00:00:00;B;10FEB2011:00:00:00;80
1421;11FEB2011:00:00:00;B;31JAN2019:00:00:00;60
1422;30MAR1997:00:00:00;B;10FEB2011:00:00:00;60
1422;11FEB2011:00:00:00;B;01FEB2019:00:00:00;40
1423;30MAR1997:00:00:00;B;01FEB2019:00:00:00;60
1424;01JAN1996:00:00:00;B;01FEB2019:00:00:00;300
1425;01JAN1996:00:00:00;B;01FEB2019:00:00:00;300
1426;01JAN1996:00:00:00;B;01FEB2019:00:00:00;500
1430;30MAR1997:00:00:00;B;10FEB2011:00:00:00;60
1430;11FEB2011:00:00:00;B;01FEB2019:00:00:00;40
1431;30MAR1997:00:00:00;B;10FEB2011:00:00:00;80
1431;11FEB2011:00:00:00;B;01FEB2019:00:00:00;60
1432;30MAR1997:00:00:00;B;01FEB2019:00:00:00;40
1433;30MAR1997:00:00:00;B;01FEB2019:00:00:00;60
1434;01JAN1996:00:00:00;B;01FEB2019:00:00:00;300
1435;01JAN1996:00:00:00;B;01FEB2019:00:00:00;300
1436;01JAN1996:00:00:00;B;01FEB2019:00:00:00;500
1437;01JAN1996:00:00:00;B;10FEB2011:00:00:00;60
1437;11FEB2011:00:00:00;B;01FEB2019:00:00:00;40
1451;01JAN1996:00:00:00;B;30JAN2012:00:00:00;40
1451;31JAN2012:00:00:00;B;31MAR2019:00:00:00;35
1452;01JAN1996:00:00:00;B;30JAN2012:00:00:00;40
1452;31JAN2012:00:00:00;B;31MAR2019:00:00:00;35
1453;01JAN1996:00:00:00;B;31DEC9999:00:00:00;40
1454;27MAR1997:00:00:00;B;31DEC9999:00:00:00;40
1455;27MAR1997:00:00:00;B;31DEC9999:00:00:00;70
1456;01JAN1996:00:00:00;B;31DEC9999:00:00:00;40
1457;01JAN1996:00:00:00;B;31DEC9999:00:00:00;70
1458;01JAN1996:00:00:00;B;31DEC9999:00:00:00;70
1459;01JAN1996:00:00:00;B;31DEC9999:00:00:00;70
1460;01DEC1998:00:00:00;B;31MAR2019:00:00:00;70
1461;01JAN1996:00:00:00;B;31DEC9999:00:00:00;40
1462;01JAN1996:00:00:00;B;31DEC9999:00:00:00;40
1463;01JAN1996:00:00:00;B;31DEC9999:00:00:00;70
1464;01JAN1996:00:00:00;B;25DEC2008:00:00:00;40
1465;01JAN1996:00:00:00;B;31DEC9999:00:00:00;80
1466;01JAN1996:00:00:00;B;31DEC9999:00:00:00;40
1467;01JAN1996:00:00:00;B;31DEC9999:00:00:00;40
1468;01JAN1996:00:00:00;B;31DEC9999:00:00:00;70
1469;01JAN1996:00:00:00;B;31DEC9999:00:00:00;40
1470;01JAN1996:00:00:00;B;31DEC9999:00:00:00;70
1471;01JAN1996:00:00:00;B;31DEC9999:00:00:00;180
1472;01JAN1996:00:00:00;B;31DEC9999:00:00:00;40
1473;01JAN1996:00:00:00;B;31DEC9999:00:00:00;70
1474;01JAN1996:00:00:00;B;25DEC2008:00:00:00;40
1475;01JAN1996:00:00:00;B;25DEC2008:00:00:00;40
1476;01JAN1996:00:00:00;B;25DEC2008:00:00:00;70
1477;01JAN1996:00:00:00;B;25DEC2008:00:00:00;70
1478;01JAN1996:00:00:00;B;31DEC9999:00:00:00;100
1479;01JAN1996:00:00:00;B;31DEC9999:00:00:00;100
1480;01JAN1996:00:00:00;B;31DEC9999:00:00:00;180
1481;28JAN2004:00:00:00;B;31DEC9999:00:00:00;40
1482;28JAN2004:00:00:00;B;31DEC9999:00:00:00;150
1483;01JAN1996:00:00:00;B;31DEC9999:00:00:00;40
1484;11NOV2007:00:00:00;B;13APR2018:00:00:00;65
1485;01JAN1996:00:00:00;B;31DEC9999:00:00:00;40
1486;01JAN1996:00:00:00;B;31DEC9999:00:00:00;40
1487;11NOV2007:00:00:00;B;31MAR2017:00:00:00;65
1487;01APR2017:00:00:00;B;13APR2018:00:00:00;64
1488;11NOV2007:00:00:00;B;07FEB2009:00:00:00;130
1488;08FEB2009:00:00:00;B;12APR2014:00:00:00;120
1488;13APR2014:00:00:00;B;31MAR2017:00:00:00;115
1488;01APR2017:00:00:00;B;13APR2018:00:00:00;100
1489;01JAN1996:00:00:00;B;31DEC9999:00:00:00;40
1490;01JAN1996:00:00:00;B;31DEC9999:00:00:00;40
1491;01JAN1996:00:00:00;B;31DEC9999:00:00:00;70
1492;01JAN1996:00:00:00;B;31DEC9999:00:00:00;100
1493;01JAN1996:00:00:00;B;31DEC9999:00:00:00;40
1494;01JAN1996:00:00:00;B;31DEC9999:00:00:00;40
1495;01JAN1996:00:00:00;B;31DEC9999:00:00:00;40
1496;01JAN1996:00:00:00;B;31DEC9999:00:00:00;40
1497;01JAN1996:00:00:00;B;31DEC9999:00:00:00;70
1498;01DEC1998:00:00:00;B;31DEC9999:00:00:00;40
1683;25DEC2008:00:00:00;B;31DEC9999:00:00:00;170
1690;12JUL1999:00:00:00;B;31DEC9999:00:00:00;300
1691;15MAR2011:00:00:00;B;31DEC9999:00:00:00;200
1701;01JAN1996:00:00:00;B;31DEC9999:00:00:00;30
1702;01JAN1996:00:00:00;B;31DEC9999:00:00:00;40
1703;01JAN1996:00:00:00;B;31DEC9999:00:00:00;40
1704;01JAN1996:00:00:00;B;31DEC9999:00:00:00;70
1705;12AUG1997:00:00:00;B;31DEC9999:00:00:00;50
1706;12OCT1997:00:00:00;B;04SEP2014:00:00:00;20
1707;12OCT1997:00:00:00;B;04SEP2014:00:00:00;70
1708;12OCT1997:00:00:00;B;04SEP2014:00:00:00;70
1709;12OCT1997:00:00:00;B;03SEP2014:00:00:00;50
1709;04SEP2014:00:00:00;B;31DEC9999:00:00:00;50
1710;12AUG1997:00:00:00;B;31DEC9999:00:00:00;40
1711;12AUG1997:00:00:00;B;31DEC9999:00:00:00;70
1712;12AUG1997:00:00:00;B;31DEC9999:00:00:00;50
1713;01JAN1996:00:00:00;B;10FEB2011:00:00:00;120
1713;11FEB2011:00:00:00;B;12APR2014:00:00:00;90
1713;13APR2014:00:00:00;B;01FEB2019:00:00:00;85
1714;01JAN1996:00:00:00;B;01FEB2019:00:00:00;70
1715;01JAN1996:00:00:00;B;19SEP2019:00:00:00;70
1716;01JAN1996:00:00:00;B;10FEB2011:00:00:00;120
1716;11FEB2011:00:00:00;B;19SEP2019:00:00:00;100
1717;05AUG1997:00:00:00;B;19SEP2019:00:00:00;40
1718;11NOV2007:00:00:00;B;10FEB2011:00:00:00;65
1718;11FEB2011:00:00:00;B;19SEP2019:00:00:00;55
1719;01JAN1996:00:00:00;B;19SEP2019:00:00:00;40
1720;01JAN1996:00:00:00;B;13JUL2017:00:00:00;150
1721;01JAN1996:00:00:00;B;13JUL2017:00:00:00;40
1729;01JAN1996:00:00:00;B;31DEC9999:00:00:00;30
1730;01JAN1996:00:00:00;B;10FEB2011:00:00:00;70
1730;11FEB2011:00:00:00;B;31DEC9999:00:00:00;60
1731;01JAN1996:00:00:00;B;31DEC9999:00:00:00;40
1732;01JAN1996:00:00:00;B;31DEC9999:00:00:00;30
1733;01JAN1996:00:00:00;B;31DEC9999:00:00:00;70
1734;01JAN1996:00:00:00;B;31DEC9999:00:00:00;40
1735;05AUG1997:00:00:00;B;31DEC9999:00:00:00;50
1736;12OCT1997:00:00:00;B;10FEB2011:00:00:00;70
1736;11FEB2011:00:00:00;B;31MAR2017:00:00:00;60
1736;01APR2017:00:00:00;B;31JAN2019:00:00:00;50
1740;12OCT1997:00:00:00;B;31JAN2019:00:00:00;70
1741;12OCT1997:00:00:00;B;01FEB2019:00:00:00;70
1742;12OCT1997:00:00:00;B;01FEB2019:00:00:00;70
1743;05AUG1997:00:00:00;B;13APR2018:00:00:00;70
1744;11NOV2007:00:00:00;B;07FEB2009:00:00:00;65
1744;08FEB2009:00:00:00;B;30JAN2012:00:00:00;60
1744;31JAN2012:00:00:00;B;31JAN2019:00:00:00;50
1745;12OCT1997:00:00:00;B;01FEB2019:00:00:00;40
1746;11NOV2007:00:00:00;B;07FEB2009:00:00:00;65
1746;08FEB2009:00:00:00;B;30JAN2012:00:00:00;60
1746;31JAN2012:00:00:00;B;01FEB2019:00:00:00;50
1747;12OCT1997:00:00:00;B;01FEB2019:00:00:00;40
1752;01JAN1996:00:00:00;B;31JAN2019:00:00:00;70
1753;01JAN1996:00:00:00;B;01FEB2019:00:00:00;40
1754;12OCT1997:00:00:00;B;31MAR2017:00:00:00;70
1754;01APR2017:00:00:00;B;31DEC9999:00:00:00;65
1755;12AUG1997:00:00:00;B;31DEC9999:00:00:00;180
1756;12AUG1997:00:00:00;B;31DEC9999:00:00:00;70
1757;12AUG1997:00:00:00;B;13APR2018:00:00:00;120
1758;12AUG1997:00:00:00;B;31DEC9999:00:00:00;70
1759;02AUG1997:00:00:00;B;31DEC9999:00:00:00;40
1760;01JAN1996:00:00:00;B;31DEC9999:00:00:00;20
1761;01JAN1996:00:00:00;B;31DEC9999:00:00:00;30
1762;01JAN1996:00:00:00;B;31DEC9999:00:00:00;70
1763;01JAN1996:00:00:00;B;31MAR2017:00:00:00;120
1763;01APR2017:00:00:00;B;31MAR2019:00:00:00;105
1764;01JAN1996:00:00:00;B;31DEC9999:00:00:00;70
1765;01JAN1996:00:00:00;B;31DEC9999:00:00:00;40
1766;12AUG1997:00:00:00;B;31DEC9999:00:00:00;120
1767;12AUG1997:00:00:00;B;31DEC9999:00:00:00;70
1768;12AUG1997:00:00:00;B;31DEC9999:00:00:00;120
1769;12AUG1997:00:00:00;B;31DEC9999:00:00:00;70
1770;01JAN1996:00:00:00;B;31DEC9999:00:00:00;70
1771;01JAN1996:00:00:00;B;31DEC9999:00:00:00;40
1772;01JAN1996:00:00:00;B;31DEC9999:00:00:00;40
1773;30MAR1997:00:00:00;B;31MAR2017:00:00:00;40
1773;01APR2017:00:00:00;B;13APR2018:00:00:00;38
1777;12AUG1997:00:00:00;B;07FEB2009:00:00:00;120
1777;08FEB2009:00:00:00;B;13APR2018:00:00:00;100
1778;12AUG1997:00:00:00;B;01FEB2019:00:00:00;70
1779;01JAN1996:00:00:00;B;13APR2018:00:00:00;70
1780;01JAN1996:00:00:00;B;01FEB2019:00:00:00;40
1785;05AUG1997:00:00:00;B;10FEB2011:00:00:00;70
1785;11FEB2011:00:00:00;B;31JAN2019:00:00:00;60
1786;05AUG1997:00:00:00;B;01FEB2019:00:00:00;40
1800;28JAN2004:00:00:00;B;31DEC9999:00:00:00;120
1801;28JAN2004:00:00:00;B;10FEB2011:00:00:00;80
1801;11FEB2011:00:00:00;B;16APR2013:00:00:00;58
1801;17APR2013:00:00:00;B;31DEC9999:00:00:00;51
1802;28JAN2004:00:00:00;B;07FEB2009:00:00:00;70
1802;08FEB2009:00:00:00;B;12APR2014:00:00:00;65
1802;13APR2014:00:00:00;B;31DEC9999:00:00:00;60
1803;28JAN2004:00:00:00;B;07FEB2009:00:00:00;165
1803;08FEB2009:00:00:00;B;31DEC9999:00:00:00;150
1804;04JUL2006:00:00:00;B;07FEB2009:00:00:00;30
1804;08FEB2009:00:00:00;B;18JAN2010:00:00:00;25
1804;19JAN2010:00:00:00;B;10FEB2011:00:00:00;21
1804;11FEB2011:00:00:00;B;30JAN2012:00:00:00;20
1804;31JAN2012:00:00:00;B;16APR2013:00:00:00;15
1804;17APR2013:00:00:00;B;12APR2014:00:00:00;12
1804;13APR2014:00:00:00;B;19APR2016:00:00:00;10
1804;20APR2016:00:00:00;B;31MAR2019:00:00:00;9
1805;28JAN2004:00:00:00;B;18JAN2010:00:00:00;35
1805;19JAN2010:00:00:00;B;10FEB2011:00:00:00;32
1805;11FEB2011:00:00:00;B;17JUN2011:00:00:00;25
1805;18JUN2011:00:00:00;B;31DEC9999:00:00:00;25
1806;11NOV2007:00:00:00;B;07FEB2009:00:00:00;30
1806;08FEB2009:00:00:00;B;18JAN2010:00:00:00;25
1806;19JAN2010:00:00:00;B;10FEB2011:00:00:00;20
1806;11FEB2011:00:00:00;B;12APR2014:00:00:00;15
1806;13APR2014:00:00:00;B;19APR2016:00:00:00;10
1806;20APR2016:00:00:00;B;31MAR2017:00:00:00;7
1806;01APR2017:00:00:00;B;31DEC9999:00:00:00;6
1807;28JAN2004:00:00:00;B;10FEB2011:00:00:00;35
1807;11FEB2011:00:00:00;B;31DEC9999:00:00:00;30
1808;28JAN2004:00:00:00;B;10FEB2011:00:00:00;35
1808;11FEB2011:00:00:00;B;31DEC9999:00:00:00;30
1809;28JAN2004:00:00:00;B;10FEB2011:00:00:00;35
1809;11FEB2011:00:00:00;B;31DEC9999:00:00:00;30
1810;28JAN2004:00:00:00;B;31DEC9999:00:00:00;35
1811;28JAN2004:00:00:00;B;07FEB2009:00:00:00;35
1811;08FEB2009:00:00:00;B;10FEB2011:00:00:00;30
1811;11FEB2011:00:00:00;B;31DEC9999:00:00:00;25
1812;28JAN2004:00:00:00;B;07FEB2009:00:00:00;35
1812;08FEB2009:00:00:00;B;10FEB2011:00:00:00;30
1812;11FEB2011:00:00:00;B;31DEC9999:00:00:00;25
1813;28JAN2004:00:00:00;B;07FEB2009:00:00:00;35
1813;08FEB2009:00:00:00;B;18JAN2010:00:00:00;30
1813;19JAN2010:00:00:00;B;10FEB2011:00:00:00;25
1813;11FEB2011:00:00:00;B;17JUN2011:00:00:00;20
1813;18JUN2011:00:00:00;B;31DEC9999:00:00:00;20
1814;28JAN2004:00:00:00;B;07FEB2009:00:00:00;35
1814;08FEB2009:00:00:00;B;10FEB2011:00:00:00;30
1814;11FEB2011:00:00:00;B;13APR2018:00:00:00;25
1815;28JAN2004:00:00:00;B;07FEB2009:00:00:00;35
1815;08FEB2009:00:00:00;B;10FEB2011:00:00:00;30
1815;11FEB2011:00:00:00;B;13APR2018:00:00:00;25
1816;28JAN2004:00:00:00;B;07FEB2009:00:00:00;35
1816;08FEB2009:00:00:00;B;10FEB2011:00:00:00;30
1816;11FEB2011:00:00:00;B;13APR2018:00:00:00;25
1817;28JAN2004:00:00:00;B;07FEB2009:00:00:00;35
1817;08FEB2009:00:00:00;B;10FEB2011:00:00:00;30
1817;11FEB2011:00:00:00;B;31MAR2019:00:00:00;20
1818;28JAN2004:00:00:00;B;31DEC9999:00:00:00;35
1819;11NOV2007:00:00:00;B;18JAN2010:00:00:00;30
1819;19JAN2010:00:00:00;B;10FEB2011:00:00:00;25
1819;11FEB2011:00:00:00;B;30JAN2012:00:00:00;20
1819;31JAN2012:00:00:00;B;12APR2014:00:00:00;15
1819;13APR2014:00:00:00;B;13JUL2017:00:00:00;14
1820;28JAN2004:00:00:00;B;07FEB2009:00:00:00;110
1820;08FEB2009:00:00:00;B;31MAR2017:00:00:00;90
1820;01APR2017:00:00:00;B;31DEC9999:00:00:00;80
1821;11NOV2007:00:00:00;B;18JAN2010:00:00:00;90
1821;19JAN2010:00:00:00;B;12APR2014:00:00:00;85
1821;13APR2014:00:00:00;B;19APR2016:00:00:00;84
1821;20APR2016:00:00:00;B;31MAR2017:00:00:00;78
1821;01APR2017:00:00:00;B;13APR2018:00:00:00;75
1822;28JAN2004:00:00:00;B;12JUL2017:00:00:00;60
1822;13JUL2017:00:00:00;B;31DEC9999:00:00:00;60
1823;28JAN2004:00:00:00;B;31DEC9999:00:00:00;80
1824;28JAN2004:00:00:00;B;18JAN2010:00:00:00;120
1824;19JAN2010:00:00:00;B;31DEC9999:00:00:00;90
1825;28JAN2004:00:00:00;B;31DEC9999:00:00:00;100
1826;28JAN2004:00:00:00;B;31DEC9999:00:00:00;100
1827;25DEC2008:00:00:00;B;31MAR2019:00:00:00;60
1828;25DEC2008:00:00:00;B;31MAR2019:00:00:00;60
4;01DEC1998:00:00:00;B;31DEC9999:00:00:00;100
4;01DEC1998:00:00:00;P;31DEC9999:00:00:00;100
5;01DEC1998:00:00:00;B;31DEC9999:00:00:00;130
5;01DEC1998:00:00:00;P;31DEC9999:00:00:00;130
6;01DEC1998:00:00:00;B;31DEC9999:00:00:00;120
6;01DEC1998:00:00:00;P;31DEC9999:00:00:00;120
7;01DEC1998:00:00:00;B;31DEC9999:00:00:00;120
7;01DEC1998:00:00:00;P;31DEC9999:00:00:00;120
8;01DEC1998:00:00:00;B;31DEC9999:00:00:00;220
8;01DEC1998:00:00:00;P;31DEC9999:00:00:00;220
12;01DEC1998:00:00:00;B;31DEC9999:00:00:00;300
12;01DEC1998:00:00:00;P;31DEC9999:00:00:00;300
13;01DEC1998:00:00:00;B;13APR2018:00:00:00;55
13;01DEC1998:00:00:00;P;13APR2018:00:00:00;55
14;01DEC1998:00:00:00;B;31DEC9999:00:00:00;100
14;01DEC1998:00:00:00;P;31DEC9999:00:00:00;100
15;01DEC1998:00:00:00;B;31DEC9999:00:00:00;120
15;01DEC1998:00:00:00;P;31DEC9999:00:00:00;120
16;01DEC1998:00:00:00;B;31DEC9999:00:00:00;130
16;01DEC1998:00:00:00;P;31DEC9999:00:00:00;130
17;01DEC1998:00:00:00;B;31DEC9999:00:00:00;200
17;01DEC1998:00:00:00;P;31DEC9999:00:00:00;200
18;01DEC1998:00:00:00;B;31DEC9999:00:00:00;300
18;01DEC1998:00:00:00;P;31DEC9999:00:00:00;300
21;03OCT2007:00:00:00;B;31DEC9999:00:00:00;50
21;03OCT2007:00:00:00;P;31DEC9999:00:00:00;50
22;04OCT2007:00:00:00;B;31DEC9999:00:00:00;100
22;04OCT2007:00:00:00;P;31DEC9999:00:00:00;100
23;19OCT2009:00:00:00;B;25SEP2010:00:00:00;200
23;19OCT2009:00:00:00;P;25SEP2010:00:00:00;200
23;26SEP2010:00:00:00;B;31DEC9999:00:00:00;200
23;26SEP2010:00:00:00;P;31DEC9999:00:00:00;200
24;19OCT2009:00:00:00;B;25SEP2010:00:00:00;135
24;19OCT2009:00:00:00;P;25SEP2010:00:00:00;135
24;26SEP2010:00:00:00;B;13APR2018:00:00:00;135
24;26SEP2010:00:00:00;P;13APR2018:00:00:00;135
25;19OCT2009:00:00:00;B;25SEP2010:00:00:00;500
25;19OCT2009:00:00:00;P;25SEP2010:00:00:00;500
25;26SEP2010:00:00:00;B;31DEC9999:00:00:00;500
25;26SEP2010:00:00:00;P;31DEC9999:00:00:00;500
40;30DEC2004:00:00:00;B;26NOV2009:00:00:00;850
40;27NOV2009:00:00:00;B;31DEC9999:00:00:00;850
41;11NOV2007:00:00:00;B;26NOV2009:00:00:00;1250
41;27NOV2009:00:00:00;B;16JAN2019:00:00:00;1250
54;28FEB2002:00:00:00;B;19SEP2019:00:00:00;350
59;28FEB2002:00:00:00;B;31DEC9999:00:00:00;200
60;28FEB2002:00:00:00;B;07FEB2009:00:00:00;1600
60;08FEB2009:00:00:00;B;31DEC9999:00:00:00;1550
61;28FEB2002:00:00:00;B;07FEB2009:00:00:00;2800
61;08FEB2009:00:00:00;B;31MAR2019:00:00:00;2600
62;28FEB2002:00:00:00;B;31DEC9999:00:00:00;500
63;28FEB2002:00:00:00;B;19SEP2019:00:00:00;150
64;28FEB2002:00:00:00;B;18SEP2019:00:00:00;150
65;28FEB2002:00:00:00;B;31DEC9999:00:00:00;350
66;28FEB2002:00:00:00;B;31DEC9999:00:00:00;150
67;28FEB2002:00:00:00;B;31DEC9999:00:00:00;350
68;28FEB2002:00:00:00;B;31DEC9999:00:00:00;150
70;26FEB2000:00:00:00;B;31DEC9999:00:00:00;110
71;30MAR1997:00:00:00;B;31DEC9999:00:00:00;45
72;01JAN1996:00:00:00;B;31DEC9999:00:00:00;175
73;01JAN1996:00:00:00;B;31DEC9999:00:00:00;85
74;01JAN1996:00:00:00;B;31DEC9999:00:00:00;130
75;26FEB2000:00:00:00;B;31DEC9999:00:00:00;120
76;01JAN1996:00:00:00;B;31DEC9999:00:00:00;50
77;01JAN1996:00:00:00;B;31DEC9999:00:00:00;280
78;01JAN1996:00:00:00;B;31DEC9999:00:00:00;120
79;01JAN1996:00:00:00;B;31DEC9999:00:00:00;280
80;01JAN1996:00:00:00;B;31DEC9999:00:00:00;110
81;01JAN1996:00:00:00;B;31DEC9999:00:00:00;50
121;01JAN1996:00:00:00;B;11JUL2013:00:00:00;5
126;29JUL2003:00:00:00;B;17JUN2011:00:00:00;20
126;18JUN2011:00:00:00;B;10JUL2013:00:00:00;20
126;11JUL2013:00:00:00;B;13APR2018:00:00:00;20
127;29JUL2003:00:00:00;B;17JUN2011:00:00:00;20
127;18JUN2011:00:00:00;B;10JUL2013:00:00:00;20
127;11JUL2013:00:00:00;B;31DEC9999:00:00:00;20
128;01JAN1996:00:00:00;B;11JUL2013:00:00:00;15
130;01JAN1996:00:00:00;B;11JUL2013:00:00:00;25
132;01JAN1996:00:00:00;B;11JUL2013:00:00:00;60
160;01JAN1996:00:00:00;B;31DEC9999:00:00:00;200
161;01JAN1996:00:00:00;B;31DEC9999:00:00:00;200
162;01JAN1996:00:00:00;B;31DEC9999:00:00:00;100
163;01JAN1996:00:00:00;B;31DEC9999:00:00:00;300
164;01JAN1996:00:00:00;B;31DEC9999:00:00:00;100
165;01JAN1996:00:00:00;B;31DEC9999:00:00:00;300
171;01JAN1996:00:00:00;B;11JUL2013:00:00:00;20
173;01JAN1996:00:00:00;B;10JUL2013:00:00:00;30
173;11JUL2013:00:00:00;B;31DEC9999:00:00:00;50
174;01JAN1996:00:00:00;B;10JUL2013:00:00:00;20
174;11JUL2013:00:00:00;B;12APR2014:00:00:00;20
174;13APR2014:00:00:00;B;13APR2018:00:00:00;18
175;01JAN1996:00:00:00;B;10JUL2013:00:00:00;30
175;11JUL2013:00:00:00;B;31DEC9999:00:00:00;30
176;01JAN1996:00:00:00;B;11JUL2013:00:00:00;30
177;01JAN1996:00:00:00;B;11JUL2013:00:00:00;30
178;01JAN1996:00:00:00;B;10JUL2013:00:00:00;40
178;11JUL2013:00:00:00;B;31DEC9999:00:00:00;50
179;01JAN1996:00:00:00;B;10JUL2013:00:00:00;40
179;11JUL2013:00:00:00;B;31DEC9999:00:00:00;50
180;01JAN1996:00:00:00;B;10JUL2013:00:00:00;50
180;11JUL2013:00:00:00;B;31DEC9999:00:00:00;50
181;01JAN1996:00:00:00;B;10JUL2013:00:00:00;50
181;11JUL2013:00:00:00;B;31DEC9999:00:00:00;40
182;01JAN1996:00:00:00;B;10JUL2013:00:00:00;20
182;11JUL2013:00:00:00;B;31DEC9999:00:00:00;20
183;01JAN1996:00:00:00;B;11JUL2013:00:00:00;15
185;01JAN1996:00:00:00;B;11JUL2013:00:00:00;30
186;01JAN1996:00:00:00;B;10JUL2013:00:00:00;30
186;11JUL2013:00:00:00;B;31DEC9999:00:00:00;30
187;01JAN1996:00:00:00;B;11JUL2013:00:00:00;40
188;01JAN1996:00:00:00;B;10JUL2013:00:00:00;40
188;11JUL2013:00:00:00;B;13APR2018:00:00:00;40
189;01JAN1996:00:00:00;B;10JUL2013:00:00:00;40
189;11JUL2013:00:00:00;B;31DEC9999:00:00:00;40
190;01JAN1996:00:00:00;B;10JUL2013:00:00:00;50
190;11JUL2013:00:00:00;B;31DEC9999:00:00:00;50
191;01JAN1996:00:00:00;B;10JUL2013:00:00:00;50
191;11JUL2013:00:00:00;B;31DEC9999:00:00:00;50
192;01JAN1996:00:00:00;B;10JUL2013:00:00:00;40
192;11JUL2013:00:00:00;B;31DEC9999:00:00:00;50
214;26FEB2000:00:00:00;B;31DEC9999:00:00:00;60
215;30JUL1997:00:00:00;B;20SEP2019:00:00:00;80
218;30JUL1997:00:00:00;B;31DEC9999:00:00:00;15
219;30JUL1997:00:00:00;B;13APR2018:00:00:00;15
220;30JUL1997:00:00:00;B;31DEC9999:00:00:00;25
221;30JUL1997:00:00:00;B;31DEC9999:00:00:00;25
236;30JUL1997:00:00:00;B;31DEC9999:00:00:00;50
237;30JUL1997:00:00:00;B;10FEB2011:00:00:00;60
237;11FEB2011:00:00:00;B;28JUN2018:00:00:00;50
238;30JUL1997:00:00:00;B;20SEP2019:00:00:00;100
239;01JAN1996:00:00:00;B;31DEC9999:00:00:00;200
240;01JAN1996:00:00:00;B;28JUN2018:00:00:00;30
241;30JUL1997:00:00:00;B;31DEC9999:00:00:00;40
242;30JUL1997:00:00:00;B;31DEC9999:00:00:00;60
243;11AUG1997:00:00:00;B;31DEC9999:00:00:00;40
244;30JUL1997:00:00:00;B;31DEC9999:00:00:00;100
246;01JAN1996:00:00:00;B;04SEP2014:00:00:00;40
247;01JAN1996:00:00:00;B;04SEP2014:00:00:00;80
248;01JAN1996:00:00:00;B;04SEP2014:00:00:00;150
249;30JUL1997:00:00:00;B;04SEP2014:00:00:00;200
250;01JAN1996:00:00:00;B;31DEC9999:00:00:00;100
252;30JUL1997:00:00:00;B;31DEC9999:00:00:00;50
253;30JUL1997:00:00:00;B;31DEC9999:00:00:00;70
254;30JUL1997:00:00:00;B;31DEC9999:00:00:00;15
255;30JUL1997:00:00:00;B;31DEC9999:00:00:00;100
256;30JUL1997:00:00:00;B;31DEC9999:00:00:00;75
257;30JUL1997:00:00:00;B;31DEC9999:00:00:00;500
259;30JUL1997:00:00:00;B;09MAY2019:00:00:00;50
262;30JUL1997:00:00:00;B;09MAY2019:00:00:00;50
263;30JUL1997:00:00:00;B;08MAY2019:00:00:00;10
264;30JUL1997:00:00:00;B;08MAY2019:00:00:00;25
266;30JUL1997:00:00:00;B;08MAY2019:00:00:00;25
267;30JUL1997:00:00:00;B;31DEC9999:00:00:00;10
268;30JUL1997:00:00:00;B;31DEC9999:00:00:00;30
269;01JAN1996:00:00:00;B;31DEC9999:00:00:00;40
270;01JAN1996:00:00:00;B;31DEC9999:00:00:00;60
271;12OCT1997:00:00:00;B;31DEC9999:00:00:00;40
274;30JUL1997:00:00:00;B;31DEC9999:00:00:00;60
277;30JUL1997:00:00:00;B;31DEC9999:00:00:00;40
280;30JUL1997:00:00:00;B;31DEC9999:00:00:00;50
281;30JUL1997:00:00:00;B;31DEC9999:00:00:00;80
1500;25DEC2008:00:00:00;B;31DEC9999:00:00:00;10
1501;25DEC2008:00:00:00;B;31DEC9999:00:00:00;40
1502;25DEC2008:00:00:00;B;31DEC9999:00:00:00;40
1503;25DEC2008:00:00:00;B;31DEC9999:00:00:00;80
1504;25DEC2008:00:00:00;B;31DEC9999:00:00:00;50
1505;25DEC2008:00:00:00;B;31DEC9999:00:00:00;30
1506;25DEC2008:00:00:00;B;31DEC9999:00:00:00;120
1507;25DEC2008:00:00:00;B;31DEC9999:00:00:00;60
1508;25DEC2008:00:00:00;B;31DEC9999:00:00:00;200
1510;30MAR1997:00:00:00;B;07FEB2009:00:00:00;25
1510;08FEB2009:00:00:00;B;18JAN2010:00:00:00;20
1510;19JAN2010:00:00:00;B;30JAN2012:00:00:00;20
1510;31JAN2012:00:00:00;B;16APR2013:00:00:00;10
1510;17APR2013:00:00:00;B;12APR2014:00:00:00;8
1510;13APR2014:00:00:00;B;19APR2016:00:00:00;7
1510;20APR2016:00:00:00;B;31MAR2017:00:00:00;7
1510;01APR2017:00:00:00;B;31DEC9999:00:00:00;6
1511;01JAN1996:00:00:00;B;07FEB2009:00:00:00;25
1511;08FEB2009:00:00:00;B;12APR2014:00:00:00;20
1511;13APR2014:00:00:00;B;31MAR2017:00:00:00;7
1511;01APR2017:00:00:00;B;31DEC9999:00:00:00;7
1513;01JAN1996:00:00:00;B;31MAR2017:00:00:00;25
1513;01APR2017:00:00:00;B;31DEC9999:00:00:00;25
1518;01JAN1996:00:00:00;B;10FEB2011:00:00:00;40
1518;11FEB2011:00:00:00;B;31DEC9999:00:00:00;30
1519;27MAR1997:00:00:00;B;31DEC9999:00:00:00;60
1520;04JUL2006:00:00:00;B;07FEB2009:00:00:00;25
1520;08FEB2009:00:00:00;B;18JAN2010:00:00:00;20
1520;19JAN2010:00:00:00;B;10FEB2011:00:00:00;12
1520;11FEB2011:00:00:00;B;30JAN2012:00:00:00;12
1520;31JAN2012:00:00:00;B;31MAR2017:00:00:00;7
1520;01APR2017:00:00:00;B;31DEC9999:00:00:00;6
1521;01JAN1996:00:00:00;B;10FEB2011:00:00:00;20
1521;11FEB2011:00:00:00;B;30JAN2012:00:00:00;10
1521;31JAN2012:00:00:00;B;31DEC9999:00:00:00;7
1525;01JAN1996:00:00:00;B;18JAN2010:00:00:00;40
1525;19JAN2010:00:00:00;B;10FEB2011:00:00:00;15
1525;11FEB2011:00:00:00;B;30JAN2012:00:00:00;8
1525;31JAN2012:00:00:00;B;31DEC9999:00:00:00;7
1526;04JUL2006:00:00:00;B;07FEB2009:00:00:00;50
1526;08FEB2009:00:00:00;B;10FEB2011:00:00:00;30
1526;11FEB2011:00:00:00;B;12APR2014:00:00:00;30
1526;13APR2014:00:00:00;B;13APR2018:00:00:00;25
1527;01JAN1996:00:00:00;B;31DEC9999:00:00:00;40
1533;27MAR1997:00:00:00;B;31DEC9999:00:00:00;60
1554;27MAR1997:00:00:00;B;31DEC9999:00:00:00;40
1555;27MAR1997:00:00:00;B;31DEC9999:00:00:00;70
1571;28JAN2004:00:00:00;B;07FEB2009:00:00:00;180
1571;08FEB2009:00:00:00;B;31DEC9999:00:00:00;160
1572;28JAN2004:00:00:00;B;07FEB2009:00:00:00;220
1572;08FEB2009:00:00:00;B;31MAR2019:00:00:00;200
1573;28JAN2004:00:00:00;B;31DEC9999:00:00:00;20
1575;28JAN2004:00:00:00;B;10FEB2011:00:00:00;60
1575;11FEB2011:00:00:00;B;16APR2013:00:00:00;58
1575;17APR2013:00:00:00;B;12APR2014:00:00:00;40
1575;13APR2014:00:00:00;B;31DEC9999:00:00:00;35
1576;28JAN2004:00:00:00;B;18JAN2010:00:00:00;40
1576;19JAN2010:00:00:00;B;31DEC9999:00:00:00;30
1577;11NOV2007:00:00:00;B;10FEB2011:00:00:00;50
1577;11FEB2011:00:00:00;B;30JAN2012:00:00:00;40
1577;31JAN2012:00:00:00;B;12APR2014:00:00:00;34
1577;13APR2014:00:00:00;B;19APR2016:00:00:00;30
1577;20APR2016:00:00:00;B;31MAR2017:00:00:00;28
1577;01APR2017:00:00:00;B;13APR2018:00:00:00;27
1601;11NOV2007:00:00:00;B;18JAN2010:00:00:00;15
1601;19JAN2010:00:00:00;B;10FEB2011:00:00:00;12
1601;11FEB2011:00:00:00;B;17JUN2011:00:00:00;10
1601;18JUN2011:00:00:00;B;19APR2016:00:00:00;10
1601;20APR2016:00:00:00;B;31DEC9999:00:00:00;8
1602;11NOV2007:00:00:00;B;07FEB2009:00:00:00;20
1602;08FEB2009:00:00:00;B;26NOV2009:00:00:00;10
1602;27NOV2009:00:00:00;B;16APR2013:00:00:00;10
1602;17APR2013:00:00:00;B;12APR2014:00:00:00;8
1602;13APR2014:00:00:00;B;31DEC9999:00:00:00;7
1603;11NOV2007:00:00:00;B;26NOV2009:00:00:00;10
1603;27NOV2009:00:00:00;B;17JUN2011:00:00:00;10
1603;18JUN2011:00:00:00;B;16APR2013:00:00:00;10
1603;17APR2013:00:00:00;B;12APR2014:00:00:00;8
1603;13APR2014:00:00:00;B;31DEC9999:00:00:00;7
1607;11DEC2005:00:00:00;B;10FEB2011:00:00:00;20
1607;11FEB2011:00:00:00;B;31DEC9999:00:00:00;15
1608;11DEC2005:00:00:00;B;07FEB2009:00:00:00;15
1608;08FEB2009:00:00:00;B;18JAN2010:00:00:00;10
1608;19JAN2010:00:00:00;B;10FEB2011:00:00:00;8
1608;11FEB2011:00:00:00;B;31MAR2017:00:00:00;7
1608;01APR2017:00:00:00;B;31DEC9999:00:00:00;6
1609;11DEC2005:00:00:00;B;18JAN2010:00:00:00;20
1609;19JAN2010:00:00:00;B;10FEB2011:00:00:00;17
1609;11FEB2011:00:00:00;B;12APR2014:00:00:00;15
1609;13APR2014:00:00:00;B;19APR2016:00:00:00;13
1609;20APR2016:00:00:00;B;31DEC9999:00:00:00;12
1610;11DEC2005:00:00:00;B;07FEB2009:00:00:00;40
1610;08FEB2009:00:00:00;B;18JAN2010:00:00:00;35
1610;19JAN2010:00:00:00;B;10FEB2011:00:00:00;33
1610;11FEB2011:00:00:00;B;12APR2014:00:00:00;29
1610;13APR2014:00:00:00;B;19APR2016:00:00:00;27
1610;20APR2016:00:00:00;B;31MAR2017:00:00:00;24
1610;01APR2017:00:00:00;B;13APR2018:00:00:00;23
1612;11NOV2007:00:00:00;B;30JAN2012:00:00:00;20
1612;31JAN2012:00:00:00;B;31DEC9999:00:00:00;7
1613;11DEC2005:00:00:00;B;16APR2013:00:00:00;10
1613;17APR2013:00:00:00;B;31DEC9999:00:00:00;9
1614;11DEC2005:00:00:00;B;31DEC9999:00:00:00;35
1615;11DEC2005:00:00:00;B;31DEC9999:00:00:00;70
1616;11DEC2005:00:00:00;B;31DEC9999:00:00:00;180
1619;11DEC2005:00:00:00;B;31DEC9999:00:00:00;180
1620;11DEC2005:00:00:00;B;31DEC9999:00:00:00;140
1621;11DEC2005:00:00:00;B;18JAN2010:00:00:00;20
1621;19JAN2010:00:00:00;B;10FEB2011:00:00:00;16
1621;11FEB2011:00:00:00;B;16APR2013:00:00:00;14
1621;17APR2013:00:00:00;B;31DEC9999:00:00:00;12
1622;01JAN1996:00:00:00;B;24DEC2008:00:00:00;50
1622;25DEC2008:00:00:00;B;31DEC9999:00:00:00;70
1623;01JAN1996:00:00:00;B;25DEC2008:00:00:00;120
1624;01JAN1996:00:00:00;B;24DEC2008:00:00:00;50
1624;25DEC2008:00:00:00;B;31DEC9999:00:00:00;70
1625;01JAN1996:00:00:00;B;25DEC2008:00:00:00;80
1626;01JAN1996:00:00:00;B;24DEC2008:00:00:00;45
1626;25DEC2008:00:00:00;B;31DEC9999:00:00:00;45
1627;01JAN1996:00:00:00;B;24DEC2008:00:00:00;65
1627;25DEC2008:00:00:00;B;31DEC9999:00:00:00;65
1628;01JAN1996:00:00:00;B;24DEC2008:00:00:00;40
1628;25DEC2008:00:00:00;B;31DEC9999:00:00:00;60
1629;01JAN1996:00:00:00;B;24DEC2008:00:00:00;25
1629;25DEC2008:00:00:00;B;12APR2014:00:00:00;25
1629;13APR2014:00:00:00;B;31DEC9999:00:00:00;20
1630;01JAN1996:00:00:00;B;24DEC2008:00:00:00;300
1630;25DEC2008:00:00:00;B;31DEC9999:00:00:00;350
1632;11DEC2005:00:00:00;B;31DEC9999:00:00:00;100
1633;11DEC2005:00:00:00;B;31DEC9999:00:00:00;35
1634;11DEC2005:00:00:00;B;31DEC9999:00:00:00;70
1635;11DEC2005:00:00:00;B;31DEC9999:00:00:00;50
1649;27MAR1997:00:00:00;B;31DEC9999:00:00:00;70
1650;01JAN1996:00:00:00;B;31DEC9999:00:00:00;70
1651;01JAN1996:00:00:00;B;31DEC9999:00:00:00;120
1652;01JAN1996:00:00:00;B;31DEC9999:00:00:00;80
1653;01JAN1996:00:00:00;B;31DEC9999:00:00:00;120
1655;01JAN1996:00:00:00;B;31DEC9999:00:00:00;80
1656;01JAN1996:00:00:00;B;31DEC9999:00:00:00;120
1657;27MAR1997:00:00:00;B;31DEC9999:00:00:00;140
1658;01JAN1996:00:00:00;B;31DEC9999:00:00:00;70
1659;27MAR1997:00:00:00;B;07FEB2009:00:00:00;120
1659;08FEB2009:00:00:00;B;30JAN2012:00:00:00;110
1659;31JAN2012:00:00:00;B;31DEC9999:00:00:00;95
1660;01JAN1996:00:00:00;B;31DEC9999:00:00:00;50
1661;01JAN1996:00:00:00;B;31DEC9999:00:00:00;70
1662;27MAR1997:00:00:00;B;30JAN2012:00:00:00;120
1662;31JAN2012:00:00:00;B;31DEC9999:00:00:00;100
1663;27MAR1997:00:00:00;B;31DEC9999:00:00:00;70
1664;27MAR1997:00:00:00;B;31DEC9999:00:00:00;120
1665;27MAR1997:00:00:00;B;31DEC9999:00:00:00;120
1666;27MAR1997:00:00:00;B;31DEC9999:00:00:00;190
1667;27MAR1997:00:00:00;B;31DEC9999:00:00:00;70
1668;01JAN1996:00:00:00;B;31DEC9999:00:00:00;120
1669;01JAN1996:00:00:00;B;31DEC9999:00:00:00;120
1670;01JAN1996:00:00:00;B;31DEC9999:00:00:00;140
1671;27MAR1997:00:00:00;B;31DEC9999:00:00:00;120
1672;27MAR1997:00:00:00;B;31DEC9999:00:00:00;70
1673;27MAR1997:00:00:00;B;31DEC9999:00:00:00;120
1674;27MAR1997:00:00:00;B;31DEC9999:00:00:00;190
1675;01JAN1996:00:00:00;B;31DEC9999:00:00:00;70
1676;01JAN1996:00:00:00;B;31DEC9999:00:00:00;70
1677;01JAN1996:00:00:00;B;31DEC9999:00:00:00;70
1678;01JAN1996:00:00:00;B;31DEC9999:00:00:00;120
1679;27MAR1997:00:00:00;B;31DEC9999:00:00:00;60
1680;01JAN1996:00:00:00;B;31DEC9999:00:00:00;35
1681;01JAN1996:00:00:00;B;25DEC2008:00:00:00;120
1682;25DEC2008:00:00:00;B;31DEC9999:00:00:00;120
4075;05APR1996:00:00:00;B;31DEC9999:00:00:00;700
4076;05APR1996:00:00:00;B;31DEC9999:00:00:00;400
4077;05APR1996:00:00:00;B;31DEC9999:00:00:00;600
4080;05APR1996:00:00:00;B;31DEC9999:00:00:00;500
4081;05APR1996:00:00:00;B;31DEC9999:00:00:00;700
4082;05APR1996:00:00:00;B;31DEC9999:00:00:00;500
4083;05APR1996:00:00:00;B;31DEC9999:00:00:00;700
4084;15MAR2011:00:00:00;B;16JAN2019:00:00:00;500
4085;13JUL2017:00:00:00;B;31DEC9999:00:00:00;260
4086;13JUL2017:00:00:00;B;31DEC9999:00:00:00;260
4095;05APR1996:00:00:00;B;31DEC9999:00:00:00;1500
4096;05APR1996:00:00:00;B;31DEC9999:00:00:00;1500
4097;05APR1996:00:00:00;B;31DEC9999:00:00:00;500
4101;30JUL1997:00:00:00;B;31DEC9999:00:00:00;150
4102;30JUL1997:00:00:00;B;31DEC9999:00:00:00;250
4103;13JUL2017:00:00:00;B;31DEC9999:00:00:00;150
4104;13JUL2017:00:00:00;B;31DEC9999:00:00:00;75
4117;31JAN2005:00:00:00;B;31DEC9999:00:00:00;120
4118;31JAN2005:00:00:00;B;01FEB2019:00:00:00;180
4119;31JAN2005:00:00:00;B;13APR2018:00:00:00;220
4120;30MAR1997:00:00:00;B;31JAN2019:00:00:00;150
4122;04JUL2006:00:00:00;B;31MAR2017:00:00:00;220
4122;01APR2017:00:00:00;B;13APR2018:00:00:00;200
4123;04JUL2006:00:00:00;B;13APR2018:00:00:00;180
4124;04JUL2006:00:00:00;B;31MAR2017:00:00:00;220
4124;01APR2017:00:00:00;B;13APR2018:00:00:00;200
4125;04JUL2006:00:00:00;B;31JAN2019:00:00:00;350
4126;14MAR2001:00:00:00;B;01FEB2019:00:00:00;200
4127;01APR2004:00:00:00;B;07FEB2009:00:00:00;180
4127;08FEB2009:00:00:00;B;18OCT2009:00:00:00;140
4127;19OCT2009:00:00:00;B;31MAR2017:00:00:00;140
4127;01APR2017:00:00:00;B;13APR2018:00:00:00;120
4128;25DEC2008:00:00:00;B;31DEC9999:00:00:00;240
4201;12OCT1997:00:00:00;B;31DEC9999:00:00:00;100
4202;01JAN1996:00:00:00;B;31DEC9999:00:00:00;50
4203;01JAN1996:00:00:00;B;31DEC9999:00:00:00;100
4204;01JAN1996:00:00:00;B;31DEC9999:00:00:00;150
4205;12OCT1997:00:00:00;B;31DEC9999:00:00:00;20
4206;12OCT1997:00:00:00;B;31DEC9999:00:00:00;70
4207;01JAN1996:00:00:00;B;31DEC9999:00:00:00;40
4208;01JAN1996:00:00:00;B;31DEC9999:00:00:00;150
4209;01JAN1996:00:00:00;B;31DEC9999:00:00:00;200
4210;01JAN1996:00:00:00;B;04SEP2014:00:00:00;200
4211;01JAN1996:00:00:00;B;04SEP2014:00:00:00;150
4212;01JAN1996:00:00:00;B;31DEC9999:00:00:00;40
4213;01JAN1996:00:00:00;B;31DEC9999:00:00:00;70
4214;01JAN1996:00:00:00;B;31DEC9999:00:00:00;150
4215;01JAN1996:00:00:00;B;31DEC9999:00:00:00;250
4216;01JAN1996:00:00:00;B;31DEC9999:00:00:00;500
4217;01JAN1996:00:00:00;B;31DEC9999:00:00:00;250
4218;01JAN1996:00:00:00;B;31DEC9999:00:00:00;70
4219;01JAN1996:00:00:00;B;31DEC9999:00:00:00;150
4220;01JAN1996:00:00:00;B;31DEC9999:00:00:00;250
4221;01JAN1996:00:00:00;B;31DEC9999:00:00:00;70
4222;01JAN1996:00:00:00;B;31DEC9999:00:00:00;40
4223;01JAN1996:00:00:00;B;31DEC9999:00:00:00;200
4224;05AUG1997:00:00:00;B;01FEB2019:00:00:00;200
4225;01JAN1996:00:00:00;B;01FEB2019:00:00:00;40
4226;12AUG1997:00:00:00;B;01FEB2019:00:00:00;100
4227;01JAN1996:00:00:00;B;01FEB2019:00:00:00;150
4228;01JAN1996:00:00:00;B;01FEB2019:00:00:00;40
4229;01JAN1996:00:00:00;B;01FEB2019:00:00:00;70
4230;01JAN1996:00:00:00;B;30JAN2012:00:00:00;150
4230;31JAN2012:00:00:00;B;01FEB2019:00:00:00;130
4232;01JAN1996:00:00:00;B;01FEB2019:00:00:00;40
4233;01JAN1996:00:00:00;B;01FEB2019:00:00:00;70
4234;13AUG1997:00:00:00;B;01FEB2019:00:00:00;150
4235;01JAN1996:00:00:00;B;13JUL2017:00:00:00;200
4236;01JAN1996:00:00:00;B;13JUL2017:00:00:00;250
4237;01JAN1996:00:00:00;B;13JUL2017:00:00:00;350
4238;01JAN1996:00:00:00;B;13JUL2017:00:00:00;200
4239;01JAN1996:00:00:00;B;13JUL2017:00:00:00;200
4240;01JAN1996:00:00:00;B;31DEC9999:00:00:00;40
4241;01JAN1996:00:00:00;B;18JAN2010:00:00:00;70
4241;19JAN2010:00:00:00;B;10FEB2011:00:00:00;50
4241;11FEB2011:00:00:00;B;31DEC9999:00:00:00;40
4242;01JAN1996:00:00:00;B;31DEC9999:00:00:00;150
4243;01JAN1996:00:00:00;B;31DEC9999:00:00:00;40
4244;01JAN1996:00:00:00;B;31DEC9999:00:00:00;70
4245;01JAN1996:00:00:00;B;31DEC9999:00:00:00;150
4246;01JAN1996:00:00:00;B;31DEC9999:00:00:00;40
4247;01JAN1996:00:00:00;B;31DEC9999:00:00:00;70
4248;01JAN1996:00:00:00;B;31DEC9999:00:00:00;150
4250;01JAN1996:00:00:00;B;31DEC9999:00:00:00;40
4251;01JAN1996:00:00:00;B;31DEC9999:00:00:00;70
4252;01JAN1996:00:00:00;B;31DEC9999:00:00:00;150
4253;05AUG1997:00:00:00;B;31DEC9999:00:00:00;200
4254;01JAN1996:00:00:00;B;31DEC9999:00:00:00;40
4255;01JAN1996:00:00:00;B;31DEC9999:00:00:00;150
4256;01JAN1996:00:00:00;B;31DEC9999:00:00:00;200
4257;01JAN1996:00:00:00;B;31DEC9999:00:00:00;250
4258;01DEC1998:00:00:00;B;31DEC9999:00:00:00;1200
4259;01JAN1996:00:00:00;B;31DEC9999:00:00:00;40
4260;01JAN1996:00:00:00;B;31DEC9999:00:00:00;70
4261;01JAN1996:00:00:00;B;31DEC9999:00:00:00;150
4262;01JAN1996:00:00:00;B;31DEC9999:00:00:00;40
4263;01JAN1996:00:00:00;B;31DEC9999:00:00:00;70
4264;01JAN1996:00:00:00;B;31DEC9999:00:00:00;150
4265;01JAN1996:00:00:00;B;31DEC9999:00:00:00;150
4266;05AUG1997:00:00:00;B;31DEC9999:00:00:00;20
4267;05OCT1997:00:00:00;B;31DEC9999:00:00:00;70
4268;01JAN1996:00:00:00;B;31DEC9999:00:00:00;200
4270;12OCT1997:00:00:00;B;01FEB2019:00:00:00;600
4271;12OCT1997:00:00:00;B;31DEC9999:00:00:00;1200
4272;12OCT1997:00:00:00;B;31DEC9999:00:00:00;150
4273;27SEP2010:00:00:00;B;03SEP2014:00:00:00;50
4273;04SEP2014:00:00:00;B;03APR2016:00:00:00;50
4273;04APR2016:00:00:00;B;08AUG2017:00:00:00;50
4301;01JAN1996:00:00:00;B;31DEC9999:00:00:00;90
4302;01JAN1996:00:00:00;B;31DEC9999:00:00:00;90
4303;01JAN1996:00:00:00;B;31DEC9999:00:00:00;120
4304;01JAN1996:00:00:00;B;31DEC9999:00:00:00;90
4305;01JAN1996:00:00:00;B;31DEC9999:00:00:00;120
4306;01JAN1996:00:00:00;B;31DEC9999:00:00:00;180
4307;01JAN1996:00:00:00;B;31DEC9999:00:00:00;50
4308;01JAN1996:00:00:00;B;31DEC9999:00:00:00;90
4309;01JAN1996:00:00:00;B;31DEC9999:00:00:00;120
4310;01JAN1996:00:00:00;B;31DEC9999:00:00:00;180
4311;01JAN1996:00:00:00;B;31DEC9999:00:00:00;50
4312;01JAN1996:00:00:00;B;31DEC9999:00:00:00;50
4313;01JAN1996:00:00:00;B;31DEC9999:00:00:00;90
4314;01JAN1996:00:00:00;B;31DEC9999:00:00:00;90
4315;01JAN1996:00:00:00;B;31DEC9999:00:00:00;120
4316;01JAN1996:00:00:00;B;31DEC9999:00:00:00;180
4317;01JAN1996:00:00:00;B;31DEC9999:00:00:00;30
4318;01JAN1996:00:00:00;B;31DEC9999:00:00:00;50
4319;01JAN1996:00:00:00;B;31DEC9999:00:00:00;75
4321;01JAN1996:00:00:00;B;08MAY2019:00:00:00;90
4322;01JAN1996:00:00:00;B;09MAY2019:00:00:00;120
4323;01JAN1996:00:00:00;B;08MAY2019:00:00:00;180
4324;01JAN1996:00:00:00;B;08MAY2019:00:00:00;80
4325;01JAN1996:00:00:00;B;09MAY2019:00:00:00;90
4326;01JAN1996:00:00:00;B;09MAY2019:00:00:00;120
4327;01JAN1996:00:00:00;B;08MAY2019:00:00:00;180
4328;01JAN1996:00:00:00;B;08MAY2019:00:00:00;90
4329;01JAN1996:00:00:00;B;09MAY2019:00:00:00;90
4330;01JAN1996:00:00:00;B;09MAY2019:00:00:00;120
4331;01JAN1996:00:00:00;B;08MAY2019:00:00:00;180
4332;01JAN1996:00:00:00;B;08MAY2019:00:00:00;90
4333;01JAN1996:00:00:00;B;09MAY2019:00:00:00;90
4334;01JAN1996:00:00:00;B;08MAY2019:00:00:00;120
4335;01JAN1996:00:00:00;B;09MAY2019:00:00:00;180
4336;01JAN1996:00:00:00;B;31DEC9999:00:00:00;50
4337;01JAN1996:00:00:00;B;31DEC9999:00:00:00;120
4338;01JAN1996:00:00:00;B;31DEC9999:00:00:00;90
4339;01JAN1996:00:00:00;B;31DEC9999:00:00:00;120
4340;01JAN1996:00:00:00;B;08MAY2019:00:00:00;90
4341;01JAN1996:00:00:00;B;09MAY2019:00:00:00;90
4342;01JAN1996:00:00:00;B;09MAY2019:00:00:00;120
4343;01JAN1996:00:00:00;B;08MAY2019:00:00:00;180
4344;01JAN1996:00:00:00;B;08MAY2019:00:00:00;90
4345;01JAN1996:00:00:00;B;08MAY2019:00:00:00;180
4347;01JAN1996:00:00:00;B;31DEC9999:00:00:00;40
4348;01DEC1998:00:00:00;B;31DEC9999:00:00:00;120
4349;01JAN1996:00:00:00;B;31DEC9999:00:00:00;40
4350;01DEC1998:00:00:00;B;31DEC9999:00:00:00;120
4351;01JAN1996:00:00:00;B;31DEC9999:00:00:00;40
4352;01DEC1998:00:00:00;B;31DEC9999:00:00:00;120
4353;01JAN1996:00:00:00;B;31DEC9999:00:00:00;50
4354;01JAN1996:00:00:00;B;31DEC9999:00:00:00;40
4355;01JAN1996:00:00:00;B;08MAY2019:00:00:00;50
4356;01JAN1996:00:00:00;B;09MAY2019:00:00:00;120
4357;01JAN1996:00:00:00;B;08MAY2019:00:00:00;180
4358;01JAN1996:00:00:00;B;08MAY2019:00:00:00;40
4359;01JAN1996:00:00:00;B;08MAY2019:00:00:00;120
4360;01JAN1996:00:00:00;B;31DEC9999:00:00:00;40
4361;01JAN1996:00:00:00;B;31DEC9999:00:00:00;40
4362;01JAN1996:00:00:00;B;31DEC9999:00:00:00;40
4504;13JUL2017:00:00:00;B;31DEC9999:00:00:00;150
4710;11NOV2007:00:00:00;B;10FEB2011:00:00:00;135
4710;11FEB2011:00:00:00;B;12APR2014:00:00:00;115
4710;13APR2014:00:00:00;B;31MAR2017:00:00:00;112
4710;01APR2017:00:00:00;B;01FEB2019:00:00:00;100
4711;11NOV2007:00:00:00;B;10FEB2011:00:00:00;205
4711;11FEB2011:00:00:00;B;31MAR2017:00:00:00;175
4711;01APR2017:00:00:00;B;13APR2018:00:00:00;170
4712;11NOV2007:00:00:00;B;10FEB2011:00:00:00;135
4712;11FEB2011:00:00:00;B;12APR2014:00:00:00;115
4712;13APR2014:00:00:00;B;31MAR2017:00:00:00;107
4712;01APR2017:00:00:00;B;31JAN2019:00:00:00;100
4713;12OCT1997:00:00:00;B;10FEB2011:00:00:00;140
4713;11FEB2011:00:00:00;B;12APR2014:00:00:00;120
4713;13APR2014:00:00:00;B;31MAR2017:00:00:00;110
4713;01APR2017:00:00:00;B;01FEB2019:00:00:00;100
4714;12OCT1997:00:00:00;B;10FEB2011:00:00:00;70
4714;11FEB2011:00:00:00;B;12APR2014:00:00:00;60
4714;13APR2014:00:00:00;B;31MAR2017:00:00:00;55
4714;01APR2017:00:00:00;B;31JAN2019:00:00:00;50
4715;11NOV2007:00:00:00;B;10FEB2011:00:00:00;65
4715;11FEB2011:00:00:00;B;12APR2014:00:00:00;55
4715;13APR2014:00:00:00;B;31MAR2017:00:00:00;52
4715;01APR2017:00:00:00;B;31JAN2019:00:00:00;50
4716;12OCT1997:00:00:00;B;31DEC9999:00:00:00;40
4717;12OCT1997:00:00:00;B;31DEC9999:00:00:00;20
4718;04SEP2014:00:00:00;B;31DEC9999:00:00:00;40
5201;12JUL1999:00:00:00;B;03NOV2011:00:00:00;70
5201;04NOV2011:00:00:00;B;30JAN2012:00:00:00;70
5201;31JAN2012:00:00:00;B;13APR2018:00:00:00;65
5202;12JUL1999:00:00:00;B;03NOV2011:00:00:00;140
5202;04NOV2011:00:00:00;B;28JUN2018:00:00:00;140
5203;12JUL1999:00:00:00;B;03NOV2011:00:00:00;120
5203;04NOV2011:00:00:00;B;28JUN2018:00:00:00;120
5204;12JUL1999:00:00:00;B;03NOV2011:00:00:00;220
5204;04NOV2011:00:00:00;B;28JUN2018:00:00:00;220
5205;26FEB2000:00:00:00;B;03NOV2011:00:00:00;90
5205;04NOV2011:00:00:00;B;28JUN2018:00:00:00;90
5207;12JUL1999:00:00:00;B;31DEC9999:00:00:00;180
5209;12JUL1999:00:00:00;B;31DEC9999:00:00:00;100
5210;12JUL1999:00:00:00;B;10FEB2011:00:00:00;200
5210;11FEB2011:00:00:00;B;30JAN2012:00:00:00;180
5210;31JAN2012:00:00:00;B;31DEC9999:00:00:00;150
5213;12JUL1999:00:00:00;B;03NOV2011:00:00:00;100
5213;04NOV2011:00:00:00;B;28JUN2018:00:00:00;100
5214;12JUL1999:00:00:00;B;31DEC9999:00:00:00;110
5215;12JUL1999:00:00:00;B;31DEC9999:00:00:00;120
5216;01DEC1998:00:00:00;B;31DEC9999:00:00:00;150
5218;12JUL1999:00:00:00;B;31DEC9999:00:00:00;150
5219;29APR2007:00:00:00;B;30JAN2012:00:00:00;85
5219;31JAN2012:00:00:00;B;31DEC9999:00:00:00;80
5221;29APR2007:00:00:00;B;31DEC9999:00:00:00;120
5222;01DEC1998:00:00:00;B;31DEC9999:00:00:00;120
5223;12JUL1999:00:00:00;B;31DEC9999:00:00:00;100
5224;01DEC1998:00:00:00;B;31MAR2019:00:00:00;200
5225;12JUL1999:00:00:00;B;10FEB2011:00:00:00;180
5225;11FEB2011:00:00:00;B;30JAN2012:00:00:00;160
5225;31JAN2012:00:00:00;B;31DEC9999:00:00:00;150
5226;12JUL1999:00:00:00;B;31DEC9999:00:00:00;100
5229;12JUL1999:00:00:00;B;20SEP2019:00:00:00;10
5230;12JUL1999:00:00:00;B;31DEC9999:00:00:00;200
5231;12JUL1999:00:00:00;B;31DEC9999:00:00:00;200
5233;01MAR2002:00:00:00;B;31DEC9999:00:00:00;20
5234;01MAR2002:00:00:00;B;18JAN2010:00:00:00;60
5234;19JAN2010:00:00:00;B;10FEB2011:00:00:00;50
5234;11FEB2011:00:00:00;B;31DEC9999:00:00:00;45
5235;26FEB2000:00:00:00;B;18JAN2010:00:00:00;100
5235;19JAN2010:00:00:00;B;31DEC9999:00:00:00;90
5249;12OCT1997:00:00:00;B;31DEC9999:00:00:00;40
5253;12OCT1997:00:00:00;B;28JUN2018:00:00:00;40
5254;12OCT1997:00:00:00;B;04NOV2011:00:00:00;30
5255;12OCT1997:00:00:00;B;04NOV2011:00:00:00;90
5256;12OCT1997:00:00:00;B;04NOV2011:00:00:00;60
5257;12OCT1997:00:00:00;B;03NOV2011:00:00:00;100
5257;04NOV2011:00:00:00;B;29JUN2018:00:00:00;85
5258;15MAR2011:00:00:00;B;31DEC9999:00:00:00;140
5259;04SEP2014:00:00:00;B;03APR2016:00:00:00;180
5259;04APR2016:00:00:00;B;08AUG2017:00:00:00;180
5260;04SEP2014:00:00:00;B;03APR2016:00:00:00;180
5260;04APR2016:00:00:00;B;08AUG2017:00:00:00;180
5261;10MAR2014:00:00:00;B;03SEP2014:00:00:00;250
5261;04SEP2014:00:00:00;B;03APR2016:00:00:00;250
5261;04APR2016:00:00:00;B;08AUG2017:00:00:00;250
5262;04SEP2014:00:00:00;B;31DEC9999:00:00:00;100
5263;04APR2016:00:00:00;B;08AUG2017:00:00:00;180
5264;04APR2016:00:00:00;B;08AUG2017:00:00:00;180
5265;04APR2016:00:00:00;B;08AUG2017:00:00:00;320
5278;12OCT1997:00:00:00;B;31DEC9999:00:00:00;50
5279;12OCT1997:00:00:00;B;31DEC9999:00:00:00;70
5280;12OCT1997:00:00:00;B;31DEC9999:00:00:00;50
5284;12OCT1997:00:00:00;B;31DEC9999:00:00:00;150
5290;12OCT1997:00:00:00;B;31DEC9999:00:00:00;50
5291;26FEB2000:00:00:00;B;14MAR2011:00:00:00;60
5291;15MAR2011:00:00:00;B;28JUN2018:00:00:00;60
5292;12OCT1997:00:00:00;B;20SEP2019:00:00:00;60
5293;12OCT1997:00:00:00;B;31DEC9999:00:00:00;70
5294;12OCT1997:00:00:00;B;31DEC9999:00:00:00;70
6301;01JAN1996:00:00:00;B;31DEC9999:00:00:00;68
6307;01JAN1996:00:00:00;B;31DEC9999:00:00:00;75
6312;01JAN1996:00:00:00;B;31DEC9999:00:00:00;75
6319;01JAN1996:00:00:00;B;31DEC9999:00:00:00;113
6321;01JAN1996:00:00:00;B;09MAY2019:00:00:00;68
6324;01JAN1996:00:00:00;B;09MAY2019:00:00:00;60
6328;01JAN1996:00:00:00;B;08MAY2019:00:00:00;68
6332;01JAN1996:00:00:00;B;09MAY2019:00:00:00;68
6340;01JAN1996:00:00:00;B;08MAY2019:00:00:00;68
6344;01JAN1996:00:00:00;B;09MAY2019:00:00:00;68
6347;01JAN1996:00:00:00;B;31DEC9999:00:00:00;60
6349;01JAN1996:00:00:00;B;31DEC9999:00:00:00;60
6351;01JAN1996:00:00:00;B;31DEC9999:00:00:00;60
6355;01JAN1996:00:00:00;B;09MAY2019:00:00:00;75
6358;01JAN1996:00:00:00;B;09MAY2019:00:00:00;60
6360;01JAN1996:00:00:00;B;31DEC9999:00:00:00;60
6361;01JAN1996:00:00:00;B;31DEC9999:00:00:00;60
7301;28JAN2004:00:00:00;B;18JAN2010:00:00:00;110
7301;19JAN2010:00:00:00;B;19APR2016:00:00:00;100
7301;20APR2016:00:00:00;B;31MAR2017:00:00:00;98
7301;01APR2017:00:00:00;B;13APR2018:00:00:00;90
7302;28JAN2004:00:00:00;B;18JAN2010:00:00:00;110
7302;19JAN2010:00:00:00;B;31DEC9999:00:00:00;100
7305;28JAN2004:00:00:00;B;18JAN2010:00:00:00;110
7305;19JAN2010:00:00:00;B;19APR2016:00:00:00;100
7305;20APR2016:00:00:00;B;31MAR2017:00:00:00;97
7305;01APR2017:00:00:00;B;13APR2018:00:00:00;90
7307;28JAN2004:00:00:00;B;18JAN2010:00:00:00;110
7307;19JAN2010:00:00:00;B;10FEB2011:00:00:00;100
7307;11FEB2011:00:00:00;B;30JAN2012:00:00:00;90
7307;31JAN2012:00:00:00;B;13APR2018:00:00:00;80
7308;28JAN2004:00:00:00;B;18JAN2010:00:00:00;110
7308;19JAN2010:00:00:00;B;10FEB2011:00:00:00;90
7308;11FEB2011:00:00:00;B;17JUN2011:00:00:00;75
7308;18JUN2011:00:00:00;B;31DEC9999:00:00:00;75
7309;28JAN2004:00:00:00;B;07FEB2009:00:00:00;110
7309;08FEB2009:00:00:00;B;18JAN2010:00:00:00;100
7309;19JAN2010:00:00:00;B;31DEC9999:00:00:00;90
7310;11NOV2007:00:00:00;B;07FEB2009:00:00:00;80
7310;08FEB2009:00:00:00;B;30JAN2012:00:00:00;75
7310;31JAN2012:00:00:00;B;31MAR2019:00:00:00;70
7311;28JAN2004:00:00:00;B;13JUL2017:00:00:00;70
7317;30DEC2004:00:00:00;B;26NOV2009:00:00:00;90
7317;27NOV2009:00:00:00;B;18JAN2010:00:00:00;90
7317;19JAN2010:00:00:00;B;31DEC9999:00:00:00;75
7318;04JUL2006:00:00:00;B;18JAN2010:00:00:00;60
7318;19JAN2010:00:00:00;B;10FEB2011:00:00:00;55
7318;11FEB2011:00:00:00;B;16APR2013:00:00:00;50
7318;17APR2013:00:00:00;B;12APR2014:00:00:00;45
7318;13APR2014:00:00:00;B;31MAR2017:00:00:00;41
7318;01APR2017:00:00:00;B;31MAR2019:00:00:00;40
7320;04JUL2006:00:00:00;B;18JAN2010:00:00:00;120
7320;19JAN2010:00:00:00;B;16APR2013:00:00:00;95
7320;17APR2013:00:00:00;B;31MAR2017:00:00:00;70
7320;01APR2017:00:00:00;B;13APR2018:00:00:00;65
7321;11NOV2007:00:00:00;B;10FEB2011:00:00:00;65
7321;11FEB2011:00:00:00;B;31DEC9999:00:00:00;55
7323;11NOV2007:00:00:00;B;10FEB2011:00:00:00;65
7323;11FEB2011:00:00:00;B;13APR2018:00:00:00;60
7325;11NOV2007:00:00:00;B;10FEB2011:00:00:00;65
7325;11FEB2011:00:00:00;B;13APR2018:00:00:00;60
7327;11NOV2007:00:00:00;B;10FEB2011:00:00:00;65
7327;11FEB2011:00:00:00;B;31MAR2017:00:00:00;55
7327;01APR2017:00:00:00;B;31MAR2019:00:00:00;50
7335;11NOV2007:00:00:00;B;10FEB2011:00:00:00;65
7335;11FEB2011:00:00:00;B;31MAR2017:00:00:00;65
7335;01APR2017:00:00:00;B;13APR2018:00:00:00;65
7401;11NOV2007:00:00:00;B;10FEB2011:00:00:00;30
7401;11FEB2011:00:00:00;B;31DEC9999:00:00:00;25
7402;11NOV2007:00:00:00;B;07FEB2009:00:00:00;45
7402;08FEB2009:00:00:00;B;26NOV2009:00:00:00;40
7402;27NOV2009:00:00:00;B;30JAN2012:00:00:00;40
7402;31JAN2012:00:00:00;B;31MAR2019:00:00:00;30
7414;28JAN2004:00:00:00;B;07FEB2009:00:00:00;120
7414;08FEB2009:00:00:00;B;18JAN2010:00:00:00;110
7414;19JAN2010:00:00:00;B;12APR2014:00:00:00;90
7414;13APR2014:00:00:00;B;19APR2016:00:00:00;85
7414;20APR2016:00:00:00;B;31DEC9999:00:00:00;80
7415;28JAN2004:00:00:00;B;18JAN2010:00:00:00;120
7415;19JAN2010:00:00:00;B;31DEC9999:00:00:00;90
7420;28JAN2004:00:00:00;B;07FEB2009:00:00:00;110
7420;08FEB2009:00:00:00;B;13APR2018:00:00:00;100
7422;28JAN2004:00:00:00;B;31DEC9999:00:00:00;70
7423;28JAN2004:00:00:00;B;18JAN2010:00:00:00;100
7423;19JAN2010:00:00:00;B;31DEC9999:00:00:00;90
7890;28JAN2004:00:00:00;B;31DEC9999:00:00:00;120
8000;30APR2007:00:00:00;B;12JUL2017:00:00:00;180
8000;13JUL2017:00:00:00;B;31DEC9999:00:00:00;180
9001;14MAR2001:00:00:00;B;07FEB2009:00:00:00;20
9001;08FEB2009:00:00:00;B;12APR2014:00:00:00;25
9001;13APR2014:00:00:00;B;31DEC9999:00:00:00;26
9004;14MAR2001:00:00:00;B;07FEB2009:00:00:00;20
9004;08FEB2009:00:00:00;B;12APR2014:00:00:00;25
9004;13APR2014:00:00:00;B;31DEC9999:00:00:00;26
9005;08FEB2009:00:00:00;B;18JAN2010:00:00:00;3
9005;19JAN2010:00:00:00;B;10FEB2011:00:00:00;7
9005;11FEB2011:00:00:00;B;30JAN2012:00:00:00;12
9005;31JAN2012:00:00:00;B;16APR2013:00:00:00;13
9005;17APR2013:00:00:00;B;09JUL2013:00:00:00;14
9005;10JUL2013:00:00:00;B;12APR2014:00:00:00;14
9005;13APR2014:00:00:00;B;19APR2016:00:00:00;15
9005;20APR2016:00:00:00;B;31MAR2019:00:00:00;16
9105;11NOV2007:00:00:00;B;13APR2018:00:00:00;5
9106;03AUG2002:00:00:00;B;31MAR2017:00:00:00;5
9106;01APR2017:00:00:00;B;13APR2018:00:00:00;8
9107;03AUG2002:00:00:00;B;10FEB2011:00:00:00;5
9107;11FEB2011:00:00:00;B;12APR2014:00:00:00;7
9107;13APR2014:00:00:00;B;31DEC9999:00:00:00;8
9905;10AUG1997:00:00:00;B;18JAN2010:00:00:00;5
9905;19JAN2010:00:00:00;B;31DEC9999:00:00:00;5
9910;10AUG1997:00:00:00;B;18JAN2010:00:00:00;10
9910;19JAN2010:00:00:00;B;31DEC9999:00:00:00;10
9914;01APR2017:00:00:00;B;31DEC9999:00:00:00;14
9915;10AUG1997:00:00:00;B;18JAN2010:00:00:00;15
9915;19JAN2010:00:00:00;B;31DEC9999:00:00:00;15
9916;19JAN2010:00:00:00;B;31DEC9999:00:00:00;1
9917;19JAN2010:00:00:00;B;31DEC9999:00:00:00;2
9918;19JAN2010:00:00:00;B;31DEC9999:00:00:00;3
9919;19JAN2010:00:00:00;B;31DEC9999:00:00:00;4
9920;19JAN2010:00:00:00;B;31DEC9999:00:00:00;6
9921;19JAN2010:00:00:00;B;31DEC9999:00:00:00;7
9922;19JAN2010:00:00:00;B;31DEC9999:00:00:00;8
9923;19JAN2010:00:00:00;B;31DEC9999:00:00:00;9
9924;19JAN2010:00:00:00;B;31DEC9999:00:00:00;11
9925;19JAN2010:00:00:00;B;31DEC9999:00:00:00;12
9926;19JAN2010:00:00:00;B;31DEC9999:00:00:00;13
1829;25DEC2008:00:00:00;B;31DEC9999:00:00:00;60
1830;25DEC2008:00:00:00;B;31DEC9999:00:00:00;40
1831;25DEC2008:00:00:00;B;31DEC9999:00:00:00;40
2000;11NOV2007:00:00:00;B;18JAN2010:00:00:00;30
2000;19JAN2010:00:00:00;B;10FEB2011:00:00:00;25
2000;11FEB2011:00:00:00;B;30JAN2012:00:00:00;20
2000;31JAN2012:00:00:00;B;12APR2014:00:00:00;15
2000;13APR2014:00:00:00;B;13JUL2017:00:00:00;14
2001;11DEC2005:00:00:00;B;26NOV2009:00:00:00;30
2001;27NOV2009:00:00:00;B;18JAN2010:00:00:00;30
2001;19JAN2010:00:00:00;B;10FEB2011:00:00:00;25
2001;11FEB2011:00:00:00;B;31MAR2017:00:00:00;20
2001;01APR2017:00:00:00;B;31DEC9999:00:00:00;18
2002;13JUL2017:00:00:00;B;31JAN2019:00:00:00;17
2003;25DEC2008:00:00:00;B;31DEC9999:00:00:00;30
2004;11DEC2005:00:00:00;B;18SEP2019:00:00:00;4
2005;11DEC2005:00:00:00;B;18JAN2010:00:00:00;10
2005;19JAN2010:00:00:00;B;10FEB2011:00:00:00;8
2005;11FEB2011:00:00:00;B;31MAR2017:00:00:00;7
2005;01APR2017:00:00:00;B;31DEC9999:00:00:00;6
2006;11DEC2005:00:00:00;B;18JAN2010:00:00:00;10
2006;19JAN2010:00:00:00;B;10FEB2011:00:00:00;8
2006;11FEB2011:00:00:00;B;31MAR2017:00:00:00;7
2006;01APR2017:00:00:00;B;31DEC9999:00:00:00;6
2007;11DEC2005:00:00:00;B;18SEP2019:00:00:00;4
2008;30APR2007:00:00:00;B;31DEC9999:00:00:00;30
2009;11DEC2005:00:00:00;B;31DEC9999:00:00:00;40
2010;11DEC2005:00:00:00;B;31DEC9999:00:00:00;30
2011;11DEC2005:00:00:00;B;31DEC9999:00:00:00;30
2012;11DEC2005:00:00:00;B;13APR2018:00:00:00;15
2013;11DEC2005:00:00:00;B;31DEC9999:00:00:00;65
2108;12JUL1999:00:00:00;B;16APR2013:00:00:00;10
2108;17APR2013:00:00:00;B;31DEC9999:00:00:00;7
2109;30APR2007:00:00:00;B;31DEC9999:00:00:00;70
2258;28JAN2004:00:00:00;B;18JAN2010:00:00:00;10
2258;19JAN2010:00:00:00;B;10FEB2011:00:00:00;8
2258;11FEB2011:00:00:00;B;31MAR2017:00:00:00;7
2258;01APR2017:00:00:00;B;31DEC9999:00:00:00;6
3246;11DEC2005:00:00:00;B;31DEC9999:00:00:00;90
3247;11DEC2005:00:00:00;B;31DEC9999:00:00:00;90
3248;11DEC2005:00:00:00;B;31DEC9999:00:00:00;90
3249;11DEC2005:00:00:00;B;31DEC9999:00:00:00;180
3252;11DEC2005:00:00:00;B;31DEC9999:00:00:00;90
3253;04SEP2014:00:00:00;B;31DEC9999:00:00:00;135
3254;04SEP2014:00:00:00;B;31DEC9999:00:00:00;135
3255;04SEP2014:00:00:00;B;31DEC9999:00:00:00;135
3307;11DEC2005:00:00:00;B;04NOV2011:00:00:00;90
3308;11DEC2005:00:00:00;B;31DEC9999:00:00:00;90
3309;11DEC2005:00:00:00;B;31DEC9999:00:00:00;90
3310;11DEC2005:00:00:00;B;31DEC9999:00:00:00;45
3311;11DEC2005:00:00:00;B;31DEC9999:00:00:00;90
3313;11DEC2005:00:00:00;B;31DEC9999:00:00:00;45
3318;11DEC2005:00:00:00;B;31DEC9999:00:00:00;90
3337;11DEC2005:00:00:00;B;31DEC9999:00:00:00;180
3706;12OCT1997:00:00:00;B;04SEP2014:00:00:00;30
3707;12OCT1997:00:00:00;B;04SEP2014:00:00:00;105
3708;12OCT1997:00:00:00;B;04SEP2014:00:00:00;105
3713;01JAN1996:00:00:00;B;10FEB2011:00:00:00;180
3713;11FEB2011:00:00:00;B;12APR2014:00:00:00;135
3713;13APR2014:00:00:00;B;13APR2018:00:00:00;127
3714;01JAN1996:00:00:00;B;01FEB2019:00:00:00;105
3729;01JAN1996:00:00:00;B;31DEC9999:00:00:00;45
3730;01JAN1996:00:00:00;B;10FEB2011:00:00:00;105
3730;11FEB2011:00:00:00;B;31DEC9999:00:00:00;90
3731;01JAN1996:00:00:00;B;31DEC9999:00:00:00;60
3732;01JAN1996:00:00:00;B;31DEC9999:00:00:00;45
3733;01JAN1996:00:00:00;B;31DEC9999:00:00:00;105
3734;01JAN1996:00:00:00;B;31DEC9999:00:00:00;60
3744;12OCT1997:00:00:00;B;07FEB2009:00:00:00;105
3744;08FEB2009:00:00:00;B;30JAN2012:00:00:00;90
3744;31JAN2012:00:00:00;B;01FEB2019:00:00:00;75
3745;12OCT1997:00:00:00;B;01FEB2019:00:00:00;60
3746;08JUN2000:00:00:00;B;07FEB2009:00:00:00;105
3746;08FEB2009:00:00:00;B;30JAN2012:00:00:00;90
3746;31JAN2012:00:00:00;B;01FEB2019:00:00:00;75
3747;12OCT1997:00:00:00;B;01FEB2019:00:00:00;60
3760;01JAN1996:00:00:00;B;31DEC9999:00:00:00;30
3761;01JAN1996:00:00:00;B;31DEC9999:00:00:00;45
3773;30MAR1997:00:00:00;B;31MAR2017:00:00:00;60
3773;01APR2017:00:00:00;B;31DEC9999:00:00:00;57
3777;05AUG1997:00:00:00;B;07FEB2009:00:00:00;180
3777;08FEB2009:00:00:00;B;01FEB2019:00:00:00;150
3778;12AUG1997:00:00:00;B;01FEB2019:00:00:00;105
3779;12OCT1997:00:00:00;B;01FEB2019:00:00:00;20
3780;12OCT1997:00:00:00;B;31DEC9999:00:00:00;40
3781;12OCT1997:00:00:00;B;31DEC9999:00:00:00;30
3783;01DEC1998:00:00:00;B;10FEB2011:00:00:00;70
3783;11FEB2011:00:00:00;B;31DEC9999:00:00:00;50
3784;12OCT1997:00:00:00;B;10FEB2011:00:00:00;70
3784;11FEB2011:00:00:00;B;16APR2013:00:00:00;60
3784;17APR2013:00:00:00;B;13APR2018:00:00:00;55
3785;12OCT1997:00:00:00;B;07FEB2009:00:00:00;100
3785;08FEB2009:00:00:00;B;10FEB2011:00:00:00;70
3785;11FEB2011:00:00:00;B;16APR2013:00:00:00;60
3785;17APR2013:00:00:00;B;13APR2018:00:00:00;55
3786;12OCT1997:00:00:00;B;18SEP2019:00:00:00;20
3787;12OCT1997:00:00:00;B;31DEC9999:00:00:00;70
4001;05APR1996:00:00:00;B;31DEC9999:00:00:00;500
4002;05APR1996:00:00:00;B;31DEC9999:00:00:00;120
4003;05APR1996:00:00:00;B;31DEC9999:00:00:00;650
4004;11NOV2007:00:00:00;B;07FEB2009:00:00:00;130
4004;08FEB2009:00:00:00;B;26NOV2009:00:00:00;125
4004;27NOV2009:00:00:00;B;19APR2016:00:00:00;125
4004;20APR2016:00:00:00;B;31MAR2017:00:00:00;124
4004;01APR2017:00:00:00;B;13APR2018:00:00:00;120
4005;27NOV2009:00:00:00;B;19APR2016:00:00:00;155
4005;20APR2016:00:00:00;B;31MAR2017:00:00:00;152
4005;01APR2017:00:00:00;B;13APR2018:00:00:00;150
4006;27NOV2009:00:00:00;B;19APR2016:00:00:00;185
4006;20APR2016:00:00:00;B;31MAR2017:00:00:00;178
4006;01APR2017:00:00:00;B;13APR2018:00:00:00;170
4010;05APR1996:00:00:00;B;31DEC9999:00:00:00;1000
4011;05APR1996:00:00:00;B;31DEC9999:00:00:00;100
4012;05APR1996:00:00:00;B;31DEC9999:00:00:00;500
4013;05APR1996:00:00:00;B;31DEC9999:00:00:00;1200
4020;05APR1996:00:00:00;B;31DEC9999:00:00:00;100
4021;05APR1996:00:00:00;B;31DEC9999:00:00:00;150
4022;05APR1996:00:00:00;B;31DEC9999:00:00:00;100
4023;05APR1996:00:00:00;B;31DEC9999:00:00:00;250
4024;05APR1996:00:00:00;B;31DEC9999:00:00:00;200
4025;05APR1996:00:00:00;B;31DEC9999:00:00:00;150
4026;05APR1996:00:00:00;B;31DEC9999:00:00:00;1000
4027;05APR1996:00:00:00;B;31DEC9999:00:00:00;500
4028;05APR1996:00:00:00;B;31DEC9999:00:00:00;1200
4030;05APR1996:00:00:00;B;31DEC9999:00:00:00;1250
4031;05APR1996:00:00:00;B;31DEC9999:00:00:00;1000
4033;05APR1996:00:00:00;B;31DEC9999:00:00:00;500
4034;05APR1996:00:00:00;B;31DEC9999:00:00:00;700
4040;05APR1996:00:00:00;B;31DEC9999:00:00:00;200
4041;05APR1996:00:00:00;B;31DEC9999:00:00:00;400
4042;05APR1996:00:00:00;B;31DEC9999:00:00:00;500
4044;05APR1996:00:00:00;B;31DEC9999:00:00:00;400
4045;05APR1996:00:00:00;B;31DEC9999:00:00:00;600
4046;05APR1996:00:00:00;B;31DEC9999:00:00:00;700
4050;05APR1996:00:00:00;B;31DEC9999:00:00:00;500
4051;05APR1996:00:00:00;B;31DEC9999:00:00:00;700
4052;05APR1996:00:00:00;B;31DEC9999:00:00:00;500
4053;05APR1996:00:00:00;B;31DEC9999:00:00:00;700
4054;05APR1996:00:00:00;B;31DEC9999:00:00:00;600
4055;05APR1996:00:00:00;B;31DEC9999:00:00:00;400
4056;05APR1996:00:00:00;B;31DEC9999:00:00:00;600
4057;05APR1996:00:00:00;B;31DEC9999:00:00:00;700
4058;05APR1996:00:00:00;B;31DEC9999:00:00:00;500
4059;05APR1996:00:00:00;B;31DEC9999:00:00:00;700
4060;05APR1996:00:00:00;B;01FEB2019:00:00:00;300
4061;05APR1996:00:00:00;B;01FEB2019:00:00:00;300
4062;05APR1996:00:00:00;B;01FEB2019:00:00:00;500
4063;05APR1996:00:00:00;B;31JAN2019:00:00:00;600
4064;05APR1996:00:00:00;B;31DEC9999:00:00:00;150
4065;05APR1996:00:00:00;B;31DEC9999:00:00:00;600
4066;05APR1996:00:00:00;B;31DEC9999:00:00:00;600
4067;05APR1996:00:00:00;B;31DEC9999:00:00:00;150
4068;05APR1996:00:00:00;B;31DEC9999:00:00:00;150
4069;05APR1996:00:00:00;B;31DEC9999:00:00:00;450
4070;05APR1996:00:00:00;B;31DEC9999:00:00:00;600
286;30JUL1997:00:00:00;B;08MAY2019:00:00:00;95
287;30JUL1997:00:00:00;B;09MAY2019:00:00:00;60
288;30JUL1997:00:00:00;B;09MAY2019:00:00:00;145
289;30JUL1997:00:00:00;B;09MAY2019:00:00:00;50
290;30JUL1997:00:00:00;B;08MAY2019:00:00:00;60
316;28JAN2004:00:00:00;B;07FEB2009:00:00:00;40
316;08FEB2009:00:00:00;B;31DEC9999:00:00:00;30
320;11NOV2007:00:00:00;B;26NOV2009:00:00:00;65
320;27NOV2009:00:00:00;B;12APR2014:00:00:00;65
320;13APR2014:00:00:00;B;31MAR2017:00:00:00;63
320;01APR2017:00:00:00;B;31MAR2019:00:00:00;60
321;28JAN2004:00:00:00;B;31DEC9999:00:00:00;35
322;11NOV2007:00:00:00;B;10FEB2011:00:00:00;65
322;11FEB2011:00:00:00;B;12APR2014:00:00:00;55
322;13APR2014:00:00:00;B;31MAR2017:00:00:00;52
322;01APR2017:00:00:00;B;01FEB2019:00:00:00;50
323;12OCT1997:00:00:00;B;10FEB2011:00:00:00;70
323;11FEB2011:00:00:00;B;12APR2014:00:00:00;60
323;13APR2014:00:00:00;B;31MAR2017:00:00:00;55
323;01APR2017:00:00:00;B;01FEB2019:00:00:00;50
324;28JAN2004:00:00:00;B;31MAR2019:00:00:00;35
325;30MAR1997:00:00:00;B;31MAR2017:00:00:00;70
325;01APR2017:00:00:00;B;31DEC9999:00:00:00;65
327;05AUG1997:00:00:00;B;31MAR2017:00:00:00;70
327;01APR2017:00:00:00;B;31DEC9999:00:00:00;65
328;01JAN1996:00:00:00;B;31DEC9999:00:00:00;70
330;11NOV2007:00:00:00;B;10FEB2011:00:00:00;65
330;11FEB2011:00:00:00;B;16APR2013:00:00:00;58
330;17APR2013:00:00:00;B;19APR2016:00:00:00;51
330;20APR2016:00:00:00;B;13APR2018:00:00:00;50
332;01JAN1996:00:00:00;B;18JAN2010:00:00:00;70
332;19JAN2010:00:00:00;B;10FEB2011:00:00:00;60
332;11FEB2011:00:00:00;B;31DEC9999:00:00:00;55
333;01JAN1996:00:00:00;B;18JAN2010:00:00:00;70
333;19JAN2010:00:00:00;B;10FEB2011:00:00:00;60
333;11FEB2011:00:00:00;B;31DEC9999:00:00:00;55
334;11NOV2007:00:00:00;B;10FEB2011:00:00:00;65
334;11FEB2011:00:00:00;B;16APR2013:00:00:00;58
334;17APR2013:00:00:00;B;19APR2016:00:00:00;51
334;20APR2016:00:00:00;B;31MAR2019:00:00:00;50
335;27MAR1997:00:00:00;B;18JAN2010:00:00:00;70
335;19JAN2010:00:00:00;B;10FEB2011:00:00:00;60
335;11FEB2011:00:00:00;B;31DEC9999:00:00:00;50
340;01JAN1996:00:00:00;B;07FEB2009:00:00:00;70
340;08FEB2009:00:00:00;B;31DEC9999:00:00:00;65
343;11NOV2007:00:00:00;B;10FEB2011:00:00:00;65
343;11FEB2011:00:00:00;B;16APR2013:00:00:00;58
343;17APR2013:00:00:00;B;19APR2016:00:00:00;51
343;20APR2016:00:00:00;B;31MAR2019:00:00:00;50
350;12OCT1997:00:00:00;B;10FEB2011:00:00:00;70
350;11FEB2011:00:00:00;B;31JAN2019:00:00:00;60
351;12OCT1997:00:00:00;B;10FEB2011:00:00:00;70
351;11FEB2011:00:00:00;B;12APR2014:00:00:00;60
351;13APR2014:00:00:00;B;31MAR2017:00:00:00;55
351;01APR2017:00:00:00;B;01FEB2019:00:00:00;50
352;12OCT1997:00:00:00;B;10FEB2011:00:00:00;70
352;11FEB2011:00:00:00;B;01FEB2019:00:00:00;60
353;12OCT1997:00:00:00;B;13APR2018:00:00:00;70
354;12OCT1997:00:00:00;B;13APR2018:00:00:00;70
357;11NOV2007:00:00:00;B;10FEB2011:00:00:00;65
357;11FEB2011:00:00:00;B;16APR2013:00:00:00;58
357;17APR2013:00:00:00;B;12APR2014:00:00:00;55
357;13APR2014:00:00:00;B;13APR2018:00:00:00;51
358;28JAN2004:00:00:00;B;18JAN2010:00:00:00;80
358;19JAN2010:00:00:00;B;31DEC9999:00:00:00;70
364;28JAN2004:00:00:00;B;31DEC9999:00:00:00;120
388;30NOV2003:00:00:00;B;07FEB2009:00:00:00;70
388;08FEB2009:00:00:00;B;10FEB2011:00:00:00;60
388;11FEB2011:00:00:00;B;14MAR2011:00:00:00;55
388;15MAR2011:00:00:00;B;30JAN2012:00:00:00;55
388;31JAN2012:00:00:00;B;12APR2014:00:00:00;54
388;13APR2014:00:00:00;B;19APR2016:00:00:00;52
388;20APR2016:00:00:00;B;31MAR2017:00:00:00;51
388;01APR2017:00:00:00;B;31MAR2019:00:00:00;50
389;30NOV2003:00:00:00;B;10FEB2011:00:00:00;180
389;11FEB2011:00:00:00;B;14MAR2011:00:00:00;160
389;15MAR2011:00:00:00;B;13APR2018:00:00:00;160
390;30NOV2003:00:00:00;B;10FEB2011:00:00:00;270
390;11FEB2011:00:00:00;B;14MAR2011:00:00:00;240
390;15MAR2011:00:00:00;B;13APR2018:00:00:00;240
392;01JAN1996:00:00:00;B;10FEB2011:00:00:00;70
392;11FEB2011:00:00:00;B;14MAR2011:00:00:00;55
392;15MAR2011:00:00:00;B;31DEC9999:00:00:00;55
407;11DEC2005:00:00:00;B;31DEC9999:00:00:00;30
412;11DEC2005:00:00:00;B;07FEB2009:00:00:00;60
412;08FEB2009:00:00:00;B;13APR2018:00:00:00;40
413;11DEC2005:00:00:00;B;31DEC9999:00:00:00;20
455;28JAN2004:00:00:00;B;31DEC9999:00:00:00;60
461;28JAN2004:00:00:00;B;31DEC9999:00:00:00;70
462;11NOV2007:00:00:00;B;10FEB2011:00:00:00;65
462;11FEB2011:00:00:00;B;12APR2014:00:00:00;60
462;13APR2014:00:00:00;B;13APR2018:00:00:00;55
463;28JAN2004:00:00:00;B;31DEC9999:00:00:00;120
466;28JAN2004:00:00:00;B;31DEC9999:00:00:00;60
467;28JAN2004:00:00:00;B;31DEC9999:00:00:00;60
468;28JAN2004:00:00:00;B;31DEC9999:00:00:00;80
472;11NOV2007:00:00:00;B;10FEB2011:00:00:00;65
472;11FEB2011:00:00:00;B;16APR2013:00:00:00;58
472;17APR2013:00:00:00;B;19APR2016:00:00:00;51
472;20APR2016:00:00:00;B;31MAR2019:00:00:00;50
473;11NOV2007:00:00:00;B;10FEB2011:00:00:00;65
473;11FEB2011:00:00:00;B;16APR2013:00:00:00;58
473;17APR2013:00:00:00;B;19APR2016:00:00:00;51
473;20APR2016:00:00:00;B;31MAR2019:00:00:00;50
476;28JAN2004:00:00:00;B;07FEB2009:00:00:00;120
476;08FEB2009:00:00:00;B;18JAN2010:00:00:00;100
476;19JAN2010:00:00:00;B;10FEB2011:00:00:00;85
476;11FEB2011:00:00:00;B;31MAR2017:00:00:00;75
476;01APR2017:00:00:00;B;31DEC9999:00:00:00;73
477;13FEB2004:00:00:00;B;07FEB2009:00:00:00;140
477;08FEB2009:00:00:00;B;31DEC9999:00:00:00;130
478;28JAN2004:00:00:00;B;31DEC9999:00:00:00;140
514;30MAR1997:00:00:00;B;07FEB2009:00:00:00;20
514;08FEB2009:00:00:00;B;18JAN2010:00:00:00;15
514;19JAN2010:00:00:00;B;10FEB2011:00:00:00;10
514;11FEB2011:00:00:00;B;30JAN2012:00:00:00;8
514;31JAN2012:00:00:00;B;31MAR2017:00:00:00;7
514;01APR2017:00:00:00;B;31DEC9999:00:00:00;6
516;30MAR1997:00:00:00;B;07FEB2009:00:00:00;20
516;08FEB2009:00:00:00;B;10FEB2011:00:00:00;10
516;11FEB2011:00:00:00;B;17JUN2011:00:00:00;8
516;18JUN2011:00:00:00;B;30JAN2012:00:00:00;8
516;31JAN2012:00:00:00;B;31MAR2017:00:00:00;7
516;01APR2017:00:00:00;B;31DEC9999:00:00:00;6
517;30MAR1997:00:00:00;B;07FEB2009:00:00:00;20
517;08FEB2009:00:00:00;B;10FEB2011:00:00:00;10
517;11FEB2011:00:00:00;B;17JUN2011:00:00:00;10
517;18JUN2011:00:00:00;B;30JAN2012:00:00:00;10
517;31JAN2012:00:00:00;B;31MAR2017:00:00:00;7
517;01APR2017:00:00:00;B;31DEC9999:00:00:00;6
519;11NOV2007:00:00:00;B;18JAN2010:00:00:00;15
519;19JAN2010:00:00:00;B;10FEB2011:00:00:00;10
519;11FEB2011:00:00:00;B;17JUN2011:00:00:00;8
519;18JUN2011:00:00:00;B;30JAN2012:00:00:00;8
519;31JAN2012:00:00:00;B;31MAR2017:00:00:00;7
519;01APR2017:00:00:00;B;31DEC9999:00:00:00;6
521;11NOV2007:00:00:00;B;18JAN2010:00:00:00;15
521;19JAN2010:00:00:00;B;10FEB2011:00:00:00;10
521;11FEB2011:00:00:00;B;30JAN2012:00:00:00;10
521;31JAN2012:00:00:00;B;31MAR2017:00:00:00;7
521;01APR2017:00:00:00;B;31DEC9999:00:00:00;7
522;04JUL2006:00:00:00;B;07FEB2009:00:00:00;22
522;08FEB2009:00:00:00;B;10FEB2011:00:00:00;20
522;11FEB2011:00:00:00;B;17JUN2011:00:00:00;15
522;18JUN2011:00:00:00;B;30JAN2012:00:00:00;15
522;31JAN2012:00:00:00;B;16APR2013:00:00:00;14
522;17APR2013:00:00:00;B;19APR2016:00:00:00;11
522;20APR2016:00:00:00;B;31DEC9999:00:00:00;10
523;01JAN1996:00:00:00;B;07FEB2009:00:00:00;60
523;08FEB2009:00:00:00;B;31DEC9999:00:00:00;55
524;11NOV2007:00:00:00;B;07FEB2009:00:00:00;25
524;08FEB2009:00:00:00;B;18JAN2010:00:00:00;20
524;19JAN2010:00:00:00;B;30JAN2012:00:00:00;20
524;31JAN2012:00:00:00;B;16APR2013:00:00:00;10
524;17APR2013:00:00:00;B;31MAR2017:00:00:00;9
524;01APR2017:00:00:00;B;31DEC9999:00:00:00;6
530;11DEC2005:00:00:00;B;07FEB2009:00:00:00;30
530;08FEB2009:00:00:00;B;18JAN2010:00:00:00;25
530;19JAN2010:00:00:00;B;10FEB2011:00:00:00;20
530;11FEB2011:00:00:00;B;30JAN2012:00:00:00;15
530;31JAN2012:00:00:00;B;31DEC9999:00:00:00;7
532;11DEC2005:00:00:00;B;18JAN2010:00:00:00;10
532;19JAN2010:00:00:00;B;10FEB2011:00:00:00;8
532;11FEB2011:00:00:00;B;31MAR2017:00:00:00;7
532;01APR2017:00:00:00;B;31DEC9999:00:00:00;6
534;01JAN1996:00:00:00;B;18JAN2010:00:00:00;50
534;19JAN2010:00:00:00;B;10FEB2011:00:00:00;40
534;11FEB2011:00:00:00;B;31DEC9999:00:00:00;30
536;11DEC2005:00:00:00;B;18JAN2010:00:00:00;50
536;19JAN2010:00:00:00;B;10FEB2011:00:00:00;40
536;11FEB2011:00:00:00;B;31DEC9999:00:00:00;35
537;01JAN1996:00:00:00;B;31DEC9999:00:00:00;65
547;11DEC2005:00:00:00;B;31DEC9999:00:00:00;30
548;11NOV2007:00:00:00;B;18JAN2010:00:00:00;15
548;19JAN2010:00:00:00;B;10FEB2011:00:00:00;12
548;11FEB2011:00:00:00;B;30JAN2012:00:00:00;9
548;31JAN2012:00:00:00;B;13JUL2017:00:00:00;7
552;11DEC2005:00:00:00;B;07FEB2009:00:00:00;10
552;08FEB2009:00:00:00;B;31DEC9999:00:00:00;5
969;28JAN2004:00:00:00;B;18JAN2010:00:00:00;100
969;19JAN2010:00:00:00;B;31DEC9999:00:00:00;80
983;11NOV2007:00:00:00;B;18JAN2010:00:00:00;70
983;19JAN2010:00:00:00;B;10FEB2011:00:00:00;65
983;11FEB2011:00:00:00;B;31DEC9999:00:00:00;60
990;11DEC2005:00:00:00;B;31DEC9999:00:00:00;60
991;11DEC2005:00:00:00;B;31DEC9999:00:00:00;80
992;11DEC2005:00:00:00;B;18JAN2010:00:00:00;70
992;19JAN2010:00:00:00;B;31DEC9999:00:00:00;50
996;11NOV2007:00:00:00;B;07FEB2009:00:00:00;45
996;08FEB2009:00:00:00;B;26NOV2009:00:00:00;40
996;27NOV2009:00:00:00;B;18JAN2010:00:00:00;40
996;19JAN2010:00:00:00;B;10FEB2011:00:00:00;36
996;11FEB2011:00:00:00;B;30JAN2012:00:00:00;34
996;31JAN2012:00:00:00;B;12APR2014:00:00:00;30
996;13APR2014:00:00:00;B;19APR2016:00:00:00;27
996;20APR2016:00:00:00;B;31MAR2017:00:00:00;26
996;01APR2017:00:00:00;B;13APR2018:00:00:00;21
999;11NOV2007:00:00:00;B;10FEB2011:00:00:00;85
999;11FEB2011:00:00:00;B;30JAN2012:00:00:00;80
999;31JAN2012:00:00:00;B;31MAR2019:00:00:00;75
1000;18JUN2011:00:00:00;B;31DEC9999:00:00:00;140
1001;18JUN2011:00:00:00;B;31DEC9999:00:00:00;140
1002;18JUN2011:00:00:00;B;31DEC9999:00:00:00;140
1011;11JUL2013:00:00:00;B;31DEC9999:00:00:00;100
1013;11JUL2013:00:00:00;B;31DEC9999:00:00:00;40
1014;11JUL2013:00:00:00;B;31DEC9999:00:00:00;25
1015;11JUL2013:00:00:00;B;31DEC9999:00:00:00;25
1016;11JUL2013:00:00:00;B;18APR2016:00:00:00;25
1016;19APR2016:00:00:00;B;31DEC9999:00:00:00;25
1017;11JUL2013:00:00:00;B;18APR2016:00:00:00;25
1017;19APR2016:00:00:00;B;31DEC9999:00:00:00;25
1018;11JUL2013:00:00:00;B;31DEC9999:00:00:00;100
1019;11JUL2013:00:00:00;B;31DEC9999:00:00:00;200
1020;11JUL2013:00:00:00;B;31DEC9999:00:00:00;200
1021;11JUL2013:00:00:00;B;31DEC9999:00:00:00;30
1022;11JUL2013:00:00:00;B;31DEC9999:00:00:00;60
1024;11JUL2013:00:00:00;B;31DEC9999:00:00:00;150
1025;11JUL2013:00:00:00;B;31DEC9999:00:00:00;50
1026;11JUL2013:00:00:00;B;31DEC9999:00:00:00;50
1027;11JUL2013:00:00:00;B;31DEC9999:00:00:00;50
1028;11JUL2013:00:00:00;B;31DEC9999:00:00:00;40
1029;11JUL2013:00:00:00;B;31DEC9999:00:00:00;100
1030;11JUL2013:00:00:00;B;31DEC9999:00:00:00;100
1031;11JUL2013:00:00:00;B;31DEC9999:00:00:00;150
1032;11JUL2013:00:00:00;B;31DEC9999:00:00:00;25
1054;11NOV2007:00:00:00;B;31DEC9999:00:00:00;70
1101;30MAR1997:00:00:00;B;31DEC9999:00:00:00;100
1102;01JAN1996:00:00:00;B;31DEC9999:00:00:00;25
1103;01JAN1996:00:00:00;B;31DEC9999:00:00:00;300
1104;04JUL2006:00:00:00;B;18JAN2010:00:00:00;35
1104;19JAN2010:00:00:00;B;10FEB2011:00:00:00;34
1104;11FEB2011:00:00:00;B;30JAN2012:00:00:00;32
1104;31JAN2012:00:00:00;B;12APR2014:00:00:00;31
1104;13APR2014:00:00:00;B;31MAR2017:00:00:00;29
1104;01APR2017:00:00:00;B;13APR2018:00:00:00;27
1105;01JAN1996:00:00:00;B;31DEC9999:00:00:00;100
1106;01JAN1996:00:00:00;B;31DEC9999:00:00:00;50
1107;04JUL2006:00:00:00;B;07FEB2009:00:00:00;20
1107;08FEB2009:00:00:00;B;17JUN2011:00:00:00;15
1107;18JUN2011:00:00:00;B;31DEC9999:00:00:00;15
1109;30MAR1997:00:00:00;B;18JAN2010:00:00:00;25
1109;19JAN2010:00:00:00;B;10FEB2011:00:00:00;22
1109;11FEB2011:00:00:00;B;31MAR2019:00:00:00;20
1110;01JAN1996:00:00:00;B;31DEC9999:00:00:00;20
1111;01JAN1996:00:00:00;B;31DEC9999:00:00:00;20
1112;01JAN1996:00:00:00;B;31DEC9999:00:00:00;30
1113;30MAR1997:00:00:00;B;31DEC9999:00:00:00;60
1114;30MAR1997:00:00:00;B;31DEC9999:00:00:00;60
1115;01JAN1996:00:00:00;B;31DEC9999:00:00:00;30
1116;01JAN1996:00:00:00;B;31DEC9999:00:00:00;50
1117;01JAN1996:00:00:00;B;31DEC9999:00:00:00;20
1118;01JAN1996:00:00:00;B;31DEC9999:00:00:00;20
1119;01JAN1996:00:00:00;B;31DEC9999:00:00:00;80
1120;01JAN1996:00:00:00;B;31DEC9999:00:00:00;120
1122;01JAN1996:00:00:00;B;31DEC9999:00:00:00;80
1123;01JAN1996:00:00:00;B;31DEC9999:00:00:00;60
1124;01JAN1996:00:00:00;B;18JAN2010:00:00:00;10
1124;19JAN2010:00:00:00;B;13APR2018:00:00:00;7
1125;30JUL1997:00:00:00;B;08MAY2019:00:00:00;100
1126;30JUL1997:00:00:00;B;08MAY2019:00:00:00;100
1127;11NOV2007:00:00:00;B;10JUL2013:00:00:00;20
1127;11JUL2013:00:00:00;B;13APR2018:00:00:00;20
1128;29JUL2003:00:00:00;B;07FEB2009:00:00:00;60
1128;08FEB2009:00:00:00;B;10JUL2013:00:00:00;50
1128;11JUL2013:00:00:00;B;13APR2018:00:00:00;50
1131;12JUL1999:00:00:00;B;31DEC9999:00:00:00;65
1132;13FEB2004:00:00:00;B;07FEB2009:00:00:00;90
1132;08FEB2009:00:00:00;B;31MAR2017:00:00:00;80
1132;01APR2017:00:00:00;B;31DEC9999:00:00:00;70
1133;11DEC2005:00:00:00;B;07FEB2009:00:00:00;35
1133;08FEB2009:00:00:00;B;18JAN2010:00:00:00;31
1133;19JAN2010:00:00:00;B;10FEB2011:00:00:00;28
1133;11FEB2011:00:00:00;B;30JAN2012:00:00:00;24
1133;31JAN2012:00:00:00;B;18SEP2019:00:00:00;15
1134;28JAN2004:00:00:00;B;07FEB2009:00:00:00;100
1134;08FEB2009:00:00:00;B;10FEB2011:00:00:00;90
1134;11FEB2011:00:00:00;B;12APR2014:00:00:00;85
1134;13APR2014:00:00:00;B;31MAR2017:00:00:00;83
1134;01APR2017:00:00:00;B;31DEC9999:00:00:00;80
1135;28JAN2004:00:00:00;B;07FEB2009:00:00:00;100
1135;08FEB2009:00:00:00;B;18JAN2010:00:00:00;90
1135;19JAN2010:00:00:00;B;19APR2016:00:00:00;80
1135;20APR2016:00:00:00;B;31MAR2017:00:00:00;78
1135;01APR2017:00:00:00;B;13APR2018:00:00:00;75
1136;28JAN2004:00:00:00;B;07FEB2009:00:00:00;80
1136;08FEB2009:00:00:00;B;31MAR2019:00:00:00;70
1137;28JAN2004:00:00:00;B;07FEB2009:00:00:00;70
1137;08FEB2009:00:00:00;B;31DEC9999:00:00:00;65
1138;28JAN2004:00:00:00;B;07FEB2009:00:00:00;100
1138;08FEB2009:00:00:00;B;19APR2016:00:00:00;90
1138;20APR2016:00:00:00;B;31DEC9999:00:00:00;85
1139;11NOV2007:00:00:00;B;07FEB2009:00:00:00;100
1139;08FEB2009:00:00:00;B;18JAN2010:00:00:00;90
1139;19JAN2010:00:00:00;B;10FEB2011:00:00:00;80
1139;11FEB2011:00:00:00;B;30JAN2012:00:00:00;75
1139;31JAN2012:00:00:00;B;16APR2013:00:00:00;65
1139;17APR2013:00:00:00;B;12APR2014:00:00:00;49
1139;13APR2014:00:00:00;B;03SEP2014:00:00:00;42
1139;04SEP2014:00:00:00;B;19APR2016:00:00:00;42
1139;20APR2016:00:00:00;B;31MAR2017:00:00:00;40
1139;01APR2017:00:00:00;B;13APR2018:00:00:00;39
1140;02AUG2002:00:00:00;B;19APR2016:00:00:00;35
1140;20APR2016:00:00:00;B;13APR2018:00:00:00;34
1141;05AUG1997:00:00:00;B;07FEB2009:00:00:00;50
1141;08FEB2009:00:00:00;B;10FEB2011:00:00:00;45
1141;11FEB2011:00:00:00;B;30JAN2012:00:00:00;42
1141;31JAN2012:00:00:00;B;12APR2014:00:00:00;40
1141;13APR2014:00:00:00;B;13APR2018:00:00:00;39
1145;01DEC1998:00:00:00;B;12APR2014:00:00:00;40
1145;13APR2014:00:00:00;B;19APR2016:00:00:00;39
1145;20APR2016:00:00:00;B;13APR2018:00:00:00;34
1146;01JAN1996:00:00:00;B;31DEC9999:00:00:00;15
1149;28FEB2002:00:00:00;B;31DEC9999:00:00:00;20
1150;28FEB2002:00:00:00;B;12APR2014:00:00:00;100
1150;13APR2014:00:00:00;B;31DEC9999:00:00:00;95
1151;01JAN1996:00:00:00;B;31DEC9999:00:00:00;15
1152;01JAN1996:00:00:00;B;31DEC9999:00:00:00;35
1153;01JAN1996:00:00:00;B;31DEC9999:00:00:00;15
1154;01JAN1996:00:00:00;B;31DEC9999:00:00:00;15
1155;01JAN1996:00:00:00;B;31DEC9999:00:00:00;20
1156;11JUL1999:00:00:00;B;31DEC9999:00:00:00;20
1180;01JAN1996:00:00:00;B;07FEB2009:00:00:00;400
1180;08FEB2009:00:00:00;B;31DEC9999:00:00:00;380
1181;01JAN1996:00:00:00;B;31DEC9999:00:00:00;700
1183;12OCT1997:00:00:00;B;31DEC9999:00:00:00;70
1200;28JAN2004:00:00:00;B;10FEB2011:00:00:00;50
1200;11FEB2011:00:00:00;B;31DEC9999:00:00:00;40
1201;28JAN2004:00:00:00;B;10FEB2011:00:00:00;55
1201;11FEB2011:00:00:00;B;13APR2018:00:00:00;51
1202;28JAN2004:00:00:00;B;10FEB2011:00:00:00;55
1202;11FEB2011:00:00:00;B;13APR2018:00:00:00;51
1203;28JAN2004:00:00:00;B;31MAR2019:00:00:00;80
1204;28JAN2004:00:00:00;B;10FEB2011:00:00:00;55
1204;11FEB2011:00:00:00;B;13APR2018:00:00:00;51
1205;28JAN2004:00:00:00;B;10FEB2011:00:00:00;55
1205;11FEB2011:00:00:00;B;13APR2018:00:00:00;51
1206;28JAN2004:00:00:00;B;18JAN2010:00:00:00;55
1206;19JAN2010:00:00:00;B;10FEB2011:00:00:00;50
1206;11FEB2011:00:00:00;B;16APR2013:00:00:00;45
1206;17APR2013:00:00:00;B;31MAR2017:00:00:00;33
1206;01APR2017:00:00:00;B;13APR2018:00:00:00;28
1207;28JAN2004:00:00:00;B;18JAN2010:00:00:00;55
1207;19JAN2010:00:00:00;B;10FEB2011:00:00:00;50
1207;11FEB2011:00:00:00;B;16APR2013:00:00:00;45
1207;17APR2013:00:00:00;B;31MAR2017:00:00:00;33
1207;01APR2017:00:00:00;B;13APR2018:00:00:00;28
1208;28JAN2004:00:00:00;B;07FEB2009:00:00:00;55
1208;08FEB2009:00:00:00;B;18JAN2010:00:00:00;51
1208;19JAN2010:00:00:00;B;30JAN2012:00:00:00;45
1208;31JAN2012:00:00:00;B;16APR2013:00:00:00;36
1208;17APR2013:00:00:00;B;12APR2014:00:00:00;32
1208;13APR2014:00:00:00;B;19APR2016:00:00:00;31
1208;20APR2016:00:00:00;B;31MAR2017:00:00:00;30
1208;01APR2017:00:00:00;B;13APR2018:00:00:00;28
1209;28JAN2004:00:00:00;B;18JAN2010:00:00:00;100
1209;19JAN2010:00:00:00;B;10FEB2011:00:00:00;85
1209;11FEB2011:00:00:00;B;16APR2013:00:00:00;75
1209;17APR2013:00:00:00;B;12APR2014:00:00:00;60
1209;13APR2014:00:00:00;B;31MAR2017:00:00:00;58
1209;01APR2017:00:00:00;B;13APR2018:00:00:00;55
1210;28JAN2004:00:00:00;B;18JAN2010:00:00:00;100
1210;19JAN2010:00:00:00;B;10FEB2011:00:00:00;85
1210;11FEB2011:00:00:00;B;16APR2013:00:00:00;75
1210;17APR2013:00:00:00;B;12APR2014:00:00:00;60
1210;13APR2014:00:00:00;B;31MAR2017:00:00:00;58
1210;01APR2017:00:00:00;B;13APR2018:00:00:00;54
1211;28JAN2004:00:00:00;B;07FEB2009:00:00:00;100
1211;08FEB2009:00:00:00;B;18JAN2010:00:00:00;91
1211;19JAN2010:00:00:00;B;10FEB2011:00:00:00;80
1211;11FEB2011:00:00:00;B;30JAN2012:00:00:00;77
1211;31JAN2012:00:00:00;B;16APR2013:00:00:00;74
1211;17APR2013:00:00:00;B;12APR2014:00:00:00;60
1211;13APR2014:00:00:00;B;31MAR2017:00:00:00;58
1211;01APR2017:00:00:00;B;13APR2018:00:00:00;54
1212;28JAN2004:00:00:00;B;07FEB2009:00:00:00;145
1212;08FEB2009:00:00:00;B;18JAN2010:00:00:00;130
1212;19JAN2010:00:00:00;B;10FEB2011:00:00:00;115
1212;11FEB2011:00:00:00;B;30JAN2012:00:00:00;95
1212;31JAN2012:00:00:00;B;16APR2013:00:00:00;85
1212;17APR2013:00:00:00;B;12APR2014:00:00:00;75
1212;13APR2014:00:00:00;B;31MAR2017:00:00:00;73
1212;01APR2017:00:00:00;B;13APR2018:00:00:00;70
1213;04JUL2006:00:00:00;B;07FEB2009:00:00:00;55
1213;08FEB2009:00:00:00;B;18JAN2010:00:00:00;52
1213;19JAN2010:00:00:00;B;10FEB2011:00:00:00;45
1213;11FEB2011:00:00:00;B;16APR2013:00:00:00;40
1213;17APR2013:00:00:00;B;12APR2014:00:00:00;36
1213;13APR2014:00:00:00;B;19APR2016:00:00:00;33
1213;20APR2016:00:00:00;B;31MAR2017:00:00:00;30
1213;01APR2017:00:00:00;B;12JUL2017:00:00:00;28
1213;13JUL2017:00:00:00;B;13APR2018:00:00:00;29
5204;29JUN2018:00:00:00;B;20SEP2019:00:00:00;220
1259;29JUN2018:00:00:00;B;31DEC9999:00:00:00;30
5301;29JUN2018:00:00:00;B;20SEP2019:00:00:00;85
5213;29JUN2018:00:00:00;B;31DEC9999:00:00:00;100
5291;29JUN2018:00:00:00;B;08MAY2019:00:00:00;60
1250;29JUN2018:00:00:00;B;31DEC9999:00:00:00;180
5202;29JUN2018:00:00:00;B;31DEC9999:00:00:00;140
5201;29JUN2018:00:00:00;B;31MAR2019:00:00:00;63
237;29JUN2018:00:00:00;B;20SEP2019:00:00:00;50
1330;29JUN2018:00:00:00;B;31DEC9999:00:00:00;30
5253;29JUN2018:00:00:00;B;31DEC9999:00:00:00;40
5203;29JUN2018:00:00:00;B;31DEC9999:00:00:00;120
5205;29JUN2018:00:00:00;B;31DEC9999:00:00:00;90
1258;29JUN2018:00:00:00;B;31DEC9999:00:00:00;20
1257;29JUN2018:00:00:00;B;31DEC9999:00:00:00;20
1256;29JUN2018:00:00:00;B;31DEC9999:00:00:00;20
1251;29JUN2018:00:00:00;B;31DEC9999:00:00:00;180
240;29JUN2018:00:00:00;B;31DEC9999:00:00:00;30
4331;09MAY2019:00:00:00;B;31DEC9999:00:00:00;180
28;09MAY2019:00:00:00;P;31DEC9999:00:00:00;47
5291;09MAY2019:00:00:00;B;31DEC9999:00:00:00;60
4343;09MAY2019:00:00:00;B;31DEC9999:00:00:00;180
29;09MAY2019:00:00:00;B;31DEC9999:00:00:00;55
4321;09MAY2019:00:00:00;B;31DEC9999:00:00:00;90
30;09MAY2019:00:00:00;P;31DEC9999:00:00:00;55
4345;09MAY2019:00:00:00;B;31DEC9999:00:00:00;180
1442;09MAY2019:00:00:00;B;31DEC9999:00:00:00;80
4332;09MAY2019:00:00:00;B;31DEC9999:00:00:00;80
4324;09MAY2019:00:00:00;B;31DEC9999:00:00:00;80
4363;09MAY2019:00:00:00;B;31DEC9999:00:00:00;130
4328;09MAY2019:00:00:00;B;31DEC9999:00:00:00;90
4344;09MAY2019:00:00:00;B;31DEC9999:00:00:00;60
1440;09MAY2019:00:00:00;B;31DEC9999:00:00:00;60
4357;09MAY2019:00:00:00;B;31DEC9999:00:00:00;180
290;09MAY2019:00:00:00;B;31DEC9999:00:00:00;60
27;09MAY2019:00:00:00;B;31DEC9999:00:00:00;47
4358;09MAY2019:00:00:00;B;31DEC9999:00:00:00;40
1443;09MAY2019:00:00:00;B;31DEC9999:00:00:00;80
30;09MAY2019:00:00:00;B;31DEC9999:00:00:00;55
6340;09MAY2019:00:00:00;B;31DEC9999:00:00:00;68
4334;09MAY2019:00:00:00;B;31DEC9999:00:00:00;120
4340;09MAY2019:00:00:00;B;31DEC9999:00:00:00;80
28;09MAY2019:00:00:00;B;31DEC9999:00:00:00;47
4323;09MAY2019:00:00:00;B;31DEC9999:00:00:00;180
1126;09MAY2019:00:00:00;B;31DEC9999:00:00:00;100
13;09MAY2019:00:00:00;B;31DEC9999:00:00:00;47
266;09MAY2019:00:00:00;B;31DEC9999:00:00:00;25
264;09MAY2019:00:00:00;B;31DEC9999:00:00:00;25
4346;09MAY2019:00:00:00;B;31DEC9999:00:00:00;100
4359;09MAY2019:00:00:00;B;31DEC9999:00:00:00;120
1125;09MAY2019:00:00:00;B;31DEC9999:00:00:00;100
263;09MAY2019:00:00:00;B;31DEC9999:00:00:00;10
4355;09MAY2019:00:00:00;B;31DEC9999:00:00:00;50
26;09MAY2019:00:00:00;B;31DEC9999:00:00:00;47
4327;09MAY2019:00:00:00;B;31DEC9999:00:00:00;180
1441;09MAY2019:00:00:00;B;31DEC9999:00:00:00;30
286;09MAY2019:00:00:00;B;31DEC9999:00:00:00;95
26;09MAY2019:00:00:00;P;31DEC9999:00:00:00;47
6328;09MAY2019:00:00:00;B;31DEC9999:00:00:00;68
29;09MAY2019:00:00:00;P;31DEC9999:00:00:00;55
13;09MAY2019:00:00:00;P;31DEC9999:00:00:00;47
27;09MAY2019:00:00:00;P;31DEC9999:00:00:00;47
237;21SEP2019:00:00:00;B;31DEC9999:00:00:00;50
84;19SEP2019:00:00:00;B;31DEC9999:00:00:00;1250
5302;21SEP2019:00:00:00;B;31DEC9999:00:00:00;110
5204;21SEP2019:00:00:00;B;31DEC9999:00:00:00;220
9928;19SEP2019:00:00:00;B;31DEC9999:00:00:00;18
1010;19SEP2019:00:00:00;B;31DEC9999:00:00:00;100
1008;19SEP2019:00:00:00;B;31DEC9999:00:00:00;150
2007;19SEP2019:00:00:00;B;31DEC9999:00:00:00;6
500;21SEP2019:00:00:00;B;31DEC9999:00:00:00;120
1009;19SEP2019:00:00:00;B;31DEC9999:00:00:00;140
86;19SEP2019:00:00:00;B;31DEC9999:00:00:00;150
238;21SEP2019:00:00:00;B;31DEC9999:00:00:00;100
592;19SEP2019:00:00:00;B;31DEC9999:00:00:00;6
82;19SEP2019:00:00:00;B;31DEC9999:00:00:00;1150
64;19SEP2019:00:00:00;B;31DEC9999:00:00:00;150
83;19SEP2019:00:00:00;B;31DEC9999:00:00:00;410
591;19SEP2019:00:00:00;B;31DEC9999:00:00:00;6
3786;19SEP2019:00:00:00;B;31DEC9999:00:00:00;20
5229;21SEP2019:00:00:00;B;31DEC9999:00:00:00;10
5292;21SEP2019:00:00:00;B;31DEC9999:00:00:00;60
5303;21SEP2019:00:00:00;B;31DEC9999:00:00:00;130
2004;19SEP2019:00:00:00;B;31DEC9999:00:00:00;6
215;21SEP2019:00:00:00;B;31DEC9999:00:00:00;80
5301;21SEP2019:00:00:00;B;31DEC9999:00:00:00;85
9927;19SEP2019:00:00:00;B;31DEC9999:00:00:00;17
85;19SEP2019:00:00:00;B;31DEC9999:00:00:00;505
1033;21SEP2019:00:00:00;B;31DEC9999:00:00:00;85
9929;19SEP2019:00:00:00;B;31DEC9999:00:00:00;16
1133;19SEP2019:00:00:00;B;31DEC9999:00:00:00;14
5264;09AUG2017:00:00:00;B;31DEC9999:00:00:00;180
5263;09AUG2017:00:00:00;B;31DEC9999:00:00:00;180
5266;09AUG2017:00:00:00;B;31DEC9999:00:00:00;250
1253;09AUG2017:00:00:00;B;31DEC9999:00:00:00;90
5267;09AUG2017:00:00:00;B;31DEC9999:00:00:00;250
5265;09AUG2017:00:00:00;B;31DEC9999:00:00:00;320
4273;09AUG2017:00:00:00;B;31DEC9999:00:00:00;50
5259;09AUG2017:00:00:00;B;31DEC9999:00:00:00;180
5260;09AUG2017:00:00:00;B;31DEC9999:00:00:00;180
5261;09AUG2017:00:00:00;B;31DEC9999:00:00:00;250
5268;09AUG2017:00:00:00;B;31DEC9999:00:00:00;180
4088;17JAN2019:00:00:00;B;31DEC9999:00:00:00;1344
4084;17JAN2019:00:00:00;B;31DEC9999:00:00:00;500
4087;17JAN2019:00:00:00;B;31JAN2019:00:00:00;1344
41;17JAN2019:00:00:00;B;31DEC9999:00:00:00;1250
1439;01FEB2019:00:00:00;B;31DEC9999:00:00:00;320
1421;01FEB2019:00:00:00;B;31DEC9999:00:00:00;60
4500;01FEB2019:00:00:00;B;31DEC9999:00:00:00;150
4508;01FEB2019:00:00:00;B;31DEC9999:00:00:00;150
4712;01FEB2019:00:00:00;B;31DEC9999:00:00:00;100
4503;01FEB2019:00:00:00;B;31DEC9999:00:00:00;200
4063;01FEB2019:00:00:00;B;31DEC9999:00:00:00;600
2002;01FEB2019:00:00:00;B;31DEC9999:00:00:00;17
1736;01FEB2019:00:00:00;B;31MAR2019:00:00:00;50
4715;01FEB2019:00:00:00;B;31DEC9999:00:00:00;50
1261;01FEB2019:00:00:00;B;31DEC9999:00:00:00;100
3784;01FEB2019:00:00:00;B;31MAR2019:00:00:00;55
1785;01FEB2019:00:00:00;B;31DEC9999:00:00:00;60
1260;01FEB2019:00:00:00;B;31DEC9999:00:00:00;85
1420;01FEB2019:00:00:00;B;31DEC9999:00:00:00;40
4120;01FEB2019:00:00:00;B;31MAR2019:00:00:00;150
4714;01FEB2019:00:00:00;B;31DEC9999:00:00:00;50
4119;01FEB2019:00:00:00;B;31DEC9999:00:00:00;200
1740;01FEB2019:00:00:00;B;31DEC9999:00:00:00;70
1428;01FEB2019:00:00:00;B;31DEC9999:00:00:00;20
4507;01FEB2019:00:00:00;B;31DEC9999:00:00:00;100
4125;01FEB2019:00:00:00;B;31DEC9999:00:00:00;350
1752;01FEB2019:00:00:00;B;31DEC9999:00:00:00;60
4711;01FEB2019:00:00:00;B;31DEC9999:00:00:00;150
1779;01FEB2019:00:00:00;B;31DEC9999:00:00:00;60
4506;01FEB2019:00:00:00;B;31DEC9999:00:00:00;100
1744;01FEB2019:00:00:00;B;31DEC9999:00:00:00;60
4502;01FEB2019:00:00:00;B;31DEC9999:00:00:00;60
350;01FEB2019:00:00:00;B;31MAR2019:00:00:00;60
4505;01FEB2019:00:00:00;B;31DEC9999:00:00:00;150
4501;01FEB2019:00:00:00;B;31DEC9999:00:00:00;60
1438;01FEB2019:00:00:00;B;31DEC9999:00:00:00;120
4124;01FEB2019:00:00:00;B;31DEC9999:00:00:00;200
1427;01FEB2019:00:00:00;B;31DEC9999:00:00:00;180
4087;01FEB2019:00:00:00;B;31DEC9999:00:00:00;1344
1439;02FEB2019:00:00:00;B;31DEC9999:00:00:00;320
85;20SEP2019:00:00:00;B;31DEC9999:00:00:00;505
5270;19OCT2019:00:00:00;B;31DEC9999:00:00:00;120
1206;14APR2018:00:00:00;B;31DEC9999:00:00:00;27
1211;14APR2018:00:00:00;B;31MAR2019:00:00:00;45
5201;14APR2018:00:00:00;B;28JUN2018:00:00:00;63
1757;14APR2018:00:00:00;B;31DEC9999:00:00:00;110
1610;14APR2018:00:00:00;B;31DEC9999:00:00:00;22
966;14APR2018:00:00:00;B;31DEC9999:00:00:00;50
24;14APR2018:00:00:00;P;31DEC9999:00:00:00;100
9106;14APR2018:00:00:00;B;31DEC9999:00:00:00;9
330;14APR2018:00:00:00;B;31MAR2019:00:00:00;49
357;14APR2018:00:00:00;B;31DEC9999:00:00:00;50
1128;14APR2018:00:00:00;B;31MAR2019:00:00:00;45
1202;14APR2018:00:00:00;B;31DEC9999:00:00:00;50
462;14APR2018:00:00:00;B;31DEC9999:00:00:00;50
4119;14APR2018:00:00:00;B;31JAN2019:00:00:00;200
7320;14APR2018:00:00:00;B;31MAR2019:00:00:00;60
2012;14APR2018:00:00:00;B;31DEC9999:00:00:00;6
1385;14APR2018:00:00:00;B;31MAR2019:00:00:00;60
780;14APR2018:00:00:00;B;31MAR2019:00:00:00;80
1209;14APR2018:00:00:00;B;31DEC9999:00:00:00;54
967;14APR2018:00:00:00;B;31DEC9999:00:00:00;50
1743;14APR2018:00:00:00;B;01FEB2019:00:00:00;60
3785;14APR2018:00:00:00;B;01FEB2019:00:00:00;50
4006;14APR2018:00:00:00;B;31MAR2019:00:00:00;160
4122;14APR2018:00:00:00;B;31MAR2019:00:00:00;180
4124;14APR2018:00:00:00;B;31JAN2019:00:00:00;180
4127;14APR2018:00:00:00;B;31DEC9999:00:00:00;100
9105;14APR2018:00:00:00;B;31DEC9999:00:00:00;5
1487;14APR2018:00:00:00;B;31DEC9999:00:00:00;60
1141;14APR2018:00:00:00;B;31DEC9999:00:00:00;37
1374;14APR2018:00:00:00;B;31MAR2019:00:00:00;40
1210;14APR2018:00:00:00;B;31MAR2019:00:00:00;45
7323;14APR2018:00:00:00;B;31DEC9999:00:00:00;55
7325;14APR2018:00:00:00;B;31DEC9999:00:00:00;55
1777;14APR2018:00:00:00;B;01FEB2019:00:00:00;85
7335;14APR2018:00:00:00;B;31DEC9999:00:00:00;63
24;14APR2018:00:00:00;B;31DEC9999:00:00:00;100
1205;14APR2018:00:00:00;B;31DEC9999:00:00:00;50
1488;14APR2018:00:00:00;B;31MAR2019:00:00:00;90
412;14APR2018:00:00:00;B;31DEC9999:00:00:00;30
7307;14APR2018:00:00:00;B;31MAR2019:00:00:00;75
13;14APR2018:00:00:00;B;08MAY2019:00:00:00;47
174;14APR2018:00:00:00;B;31MAR2019:00:00:00;17
1821;14APR2018:00:00:00;B;31MAR2019:00:00:00;67
4004;14APR2018:00:00:00;B;31DEC9999:00:00:00;110
1104;14APR2018:00:00:00;B;31MAR2019:00:00:00;26
1577;14APR2018:00:00:00;B;31MAR2019:00:00:00;25
1816;14APR2018:00:00:00;B;31DEC9999:00:00:00;20
1124;14APR2018:00:00:00;B;31MAR2019:00:00:00;6
1135;14APR2018:00:00:00;B;31DEC9999:00:00:00;70
4005;14APR2018:00:00:00;B;31MAR2019:00:00:00;140
353;14APR2018:00:00:00;B;01FEB2019:00:00:00;55
1387;14APR2018:00:00:00;B;31MAR2019:00:00:00;40
3784;14APR2018:00:00:00;B;31JAN2019:00:00:00;50
354;14APR2018:00:00:00;B;01FEB2019:00:00:00;50
4123;14APR2018:00:00:00;B;01FEB2019:00:00:00;165
188;14APR2018:00:00:00;B;31DEC9999:00:00:00;38
1127;14APR2018:00:00:00;B;31MAR2019:00:00:00;17
1204;14APR2018:00:00:00;B;31DEC9999:00:00:00;50
1526;14APR2018:00:00:00;B;31DEC9999:00:00:00;20
1815;14APR2018:00:00:00;B;31DEC9999:00:00:00;20
1213;14APR2018:00:00:00;B;31MAR2019:00:00:00;25
1145;14APR2018:00:00:00;B;31DEC9999:00:00:00;33
1201;14APR2018:00:00:00;B;31DEC9999:00:00:00;50
1207;14APR2018:00:00:00;B;31DEC9999:00:00:00;27
1377;14APR2018:00:00:00;B;31DEC9999:00:00:00;65
1779;14APR2018:00:00:00;B;31JAN2019:00:00:00;60
1484;14APR2018:00:00:00;B;31MAR2019:00:00:00;60
1212;14APR2018:00:00:00;B;31MAR2019:00:00:00;60
4711;14APR2018:00:00:00;B;31JAN2019:00:00:00;150
1139;14APR2018:00:00:00;B;31DEC9999:00:00:00;35
996;14APR2018:00:00:00;B;31MAR2019:00:00:00;20
389;14APR2018:00:00:00;B;31DEC9999:00:00:00;150
1140;14APR2018:00:00:00;B;31DEC9999:00:00:00;33
390;14APR2018:00:00:00;B;31DEC9999:00:00:00;220
7420;14APR2018:00:00:00;B;31DEC9999:00:00:00;95
3713;14APR2018:00:00:00;B;01FEB2019:00:00:00;120
1208;14APR2018:00:00:00;B;31MAR2019:00:00:00;25
13;14APR2018:00:00:00;P;08MAY2019:00:00:00;47
1773;14APR2018:00:00:00;B;31DEC9999:00:00:00;36
1814;14APR2018:00:00:00;B;31DEC9999:00:00:00;20
219;14APR2018:00:00:00;B;31DEC9999:00:00:00;25
968;14APR2018:00:00:00;B;31DEC9999:00:00:00;50
7301;14APR2018:00:00:00;B;31DEC9999:00:00:00;80
7305;14APR2018:00:00:00;B;31DEC9999:00:00:00;80
126;14APR2018:00:00:00;B;31MAR2019:00:00:00;17
570;01APR2019:00:00:00;B;31DEC9999:00:00:00;50
1104;01APR2019:00:00:00;B;31DEC9999:00:00:00;25
320;01APR2019:00:00:00;B;31DEC9999:00:00:00;57
324;01APR2019:00:00:00;B;31DEC9999:00:00:00;30
1203;01APR2019:00:00:00;B;31DEC9999:00:00:00;75
3784;01APR2019:00:00:00;B;31DEC9999:00:00:00;48
1572;01APR2019:00:00:00;B;31DEC9999:00:00:00;185
1763;01APR2019:00:00:00;B;31DEC9999:00:00:00;100
1212;01APR2019:00:00:00;B;31DEC9999:00:00:00;59
7327;01APR2019:00:00:00;B;31DEC9999:00:00:00;48
1817;01APR2019:00:00:00;B;31DEC9999:00:00:00;19
330;01APR2019:00:00:00;B;31DEC9999:00:00:00;47
126;01APR2019:00:00:00;B;31DEC9999:00:00:00;16
1385;01APR2019:00:00:00;B;31DEC9999:00:00:00;58
4006;01APR2019:00:00:00;B;31DEC9999:00:00:00;150
7307;01APR2019:00:00:00;B;31DEC9999:00:00:00;73
1827;01APR2019:00:00:00;B;31DEC9999:00:00:00;57
1210;01APR2019:00:00:00;B;31DEC9999:00:00:00;44
996;01APR2019:00:00:00;B;31DEC9999:00:00:00;19
1124;01APR2019:00:00:00;B;31DEC9999:00:00:00;4
7320;01APR2019:00:00:00;B;31DEC9999:00:00:00;57
1127;01APR2019:00:00:00;B;31DEC9999:00:00:00;16
1452;01APR2019:00:00:00;B;31DEC9999:00:00:00;33
5224;01APR2019:00:00:00;B;31DEC9999:00:00:00;195
1213;01APR2019:00:00:00;B;31DEC9999:00:00:00;24
7318;01APR2019:00:00:00;B;31DEC9999:00:00:00;38
1451;01APR2019:00:00:00;B;31DEC9999:00:00:00;33
388;01APR2019:00:00:00;B;31DEC9999:00:00:00;45
1109;01APR2019:00:00:00;B;31DEC9999:00:00:00;19
4005;01APR2019:00:00:00;B;21SEP2019:00:00:00;100
350;01APR2019:00:00:00;B;31DEC9999:00:00:00;50
1577;01APR2019:00:00:00;B;31DEC9999:00:00:00;22
1488;01APR2019:00:00:00;B;31DEC9999:00:00:00;80
1821;01APR2019:00:00:00;B;31DEC9999:00:00:00;65
472;01APR2019:00:00:00;B;31DEC9999:00:00:00;47
1804;01APR2019:00:00:00;B;31DEC9999:00:00:00;8
640;01APR2019:00:00:00;B;31DEC9999:00:00:00;6
1374;01APR2019:00:00:00;B;31DEC9999:00:00:00;38
1828;01APR2019:00:00:00;B;31DEC9999:00:00:00;58
473;01APR2019:00:00:00;B;31DEC9999:00:00:00;47
1136;01APR2019:00:00:00;B;31DEC9999:00:00:00;68
999;01APR2019:00:00:00;B;31DEC9999:00:00:00;70
174;01APR2019:00:00:00;B;31DEC9999:00:00:00;16
1387;01APR2019:00:00:00;B;31DEC9999:00:00:00;38
7310;01APR2019:00:00:00;B;31DEC9999:00:00:00;69
61;01APR2019:00:00:00;B;31DEC9999:00:00:00;2500
4122;01APR2019:00:00:00;B;31DEC9999:00:00:00;175
1128;01APR2019:00:00:00;B;31DEC9999:00:00:00;42
334;01APR2019:00:00:00;B;31DEC9999:00:00:00;47
1460;01APR2019:00:00:00;B;31DEC9999:00:00:00;68
1302;01APR2019:00:00:00;B;31DEC9999:00:00:00;140
5201;01APR2019:00:00:00;B;31DEC9999:00:00:00;60
343;01APR2019:00:00:00;B;31DEC9999:00:00:00;47
4120;01APR2019:00:00:00;B;31DEC9999:00:00:00;140
9005;01APR2019:00:00:00;B;31DEC9999:00:00:00;17
7402;01APR2019:00:00:00;B;31DEC9999:00:00:00;26
780;01APR2019:00:00:00;B;31DEC9999:00:00:00;75
1211;01APR2019:00:00:00;B;31DEC9999:00:00:00;44
1484;01APR2019:00:00:00;B;31DEC9999:00:00:00;57
1208;01APR2019:00:00:00;B;31DEC9999:00:00:00;24
777;01APR2019:00:00:00;B;31DEC9999:00:00:00;70
1736;01APR2019:00:00:00;B;31DEC9999:00:00:00;49
5269;07AUG2019:00:00:00;B;31DEC9999:00:00:00;180
5271;09MAR2020:00:00:00;B;31DEC9999:00:00:00;200
